StoreNumber,City,State,District,Latitude,Longitude
1111,El Dorado,AR,11111,33.214165,-92.662539
5360,Calhoun,GA,9235,34.480455,-84.944561
5367,Clarksville,TN,9134,36.57977,-87.410382
5502,Stockbridge,GA,10631,33.55377,-84.258402
5503,Cartersville,GA,9235,34.201966,-84.789622
5505,Suffolk,VA,10240,36.746751,-76.582565
5508,Gulfport,MS,9435,30.42246,-89.091181
5509,Murfreesboro,TN,9138,35.847984,-86.427439
5510,Fayetteville,TN,9138,35.136371,-86.566483
5526,Mount Dora,FL,9531,28.819858,-81.672814
5528,Roanoke,VA,10233,37.302235,-79.960416
5531,Brookhaven,MS,9440,31.579851,-90.468936
5532,Crowley,LA,9436,30.231157,-92.365002
5593,Northport,AL,9433,33.235899,-87.613179
5595,Plant City,FL,9537,27.986476,-82.120985
5596,Clarksville,TN,9134,36.5938,-87.289357
5597,Sulphur,LA,9437,30.233224,-93.326244
5619,Jesup,GA,10633,31.617468,-81.873152
5621,Morgan City,LA,9432,29.681972,-91.268257
5622,Lafayette,LA,9437,30.238912,-92.013857
5624,Anniston,AL,9239,33.720077,-85.818158
5625,Athens,AL,9232,34.78727,-86.957134
5626,Hopkinsville,KY,9134,36.829009,-87.471568
5627,Burleson,TX,9834,32.529218,-97.339431
5628,Huntsville,TX,9332,30.714067,-95.568327
5656,Granbury,TX,9834,32.433674,-97.779399
5658,Sherman,TX,9835,33.671806,-96.612
5659,Haines City,FL,9536,28.125263,-81.63901
5661,Marble Falls,TX,10739,30.600089,-98.26964
5662,Natchitoches,LA,9438,31.752112,-93.067375
5663,Tomball,TX,9336,30.076103,-95.627315
5665,Mt. Pleasant,TX,9841,33.134889,-94.967677
5669,Senatobia,MS,10142,34.628173,-89.970161
5672,Richmond,TX,9335,29.559131,-95.761207
5673,Shreveport,LA,9438,32.43004,-93.711373
5675,Smyrna,TN,9131,35.972616,-86.494344
5676,Denison,TX,9835,33.760201,-96.58886
5679,Richmond,KY,9141,37.730475,-84.283566
5682,Cleveland,TN,9133,35.200131,-84.847626
5684,Alexander City,AL,9238,32.940265,-85.978124
5688,Lake Jackson,TX,9331,29.046849,-95.457763
5694,San Angelo,TX,10731,31.428318,-100.510216
5695,Angleton,TX,9331,29.184376,-95.433805
5697,Campbellsville,KY,9142,37.345279,-85.370969
5699,Middlesboro,KY,9132,36.622442,-83.705412
5701,Paducah,KY,9143,37.074257,-88.687965
5702,Thomasville,AL,9242,31.93994,-87.737557
5703,Waxahachie,TX,9833,32.417511,-96.840269
5706,Lehigh Acres,FL,9535,26.614721,-81.664649
5709,Fort Pierce,FL,9534,27.420024,-80.377088
5711,Philadelphia,MS,9433,32.76953,-89.128696
5714,Pulaski,TN,9138,35.203344,-87.059995
5715,Amarillo,TX,10733,35.158298,-101.921585
5719,Beaumont,TX,9333,30.120944,-94.16766
5724,Selmer,TN,9139,35.140428,-88.572592
5729,Lake Wales,FL,9539,27.893298,-81.554704
5732,Valley,AL,9239,32.836177,-85.177447
5734,Berryville,AR,10131,36.378015,-93.586323
5738,Florida City,FL,9541,25.456167,-80.473909
5744,Kirksville,MO,10141,40.216471,-92.582068
5746,Fayette,AL,9433,33.731518,-87.81103
5747,Neosho,MO,10139,36.840549,-94.394669
5752,Douglas,GA,10635,31.487289,-82.849037
5753,Mansfield,TX,9833,32.577996,-97.132048
5773,San Antonio,TX,10740,29.516747,-98.482969
5775,Festus,MO,10141,38.213154,-90.389479
5777,Corbin,KY,9132,36.974084,-84.102927
5781,Defuniak Springs,FL,9233,30.704689,-86.122857
5782,Harrisonville,MO,10137,38.667253,-94.366984
5783,Sedalia,MO,10132,38.709319,-93.270226
5784,West Plains,MO,10132,36.714466,-91.873727
5786,Guntersville,AL,9237,34.301268,-86.279382
5788,Sebastian,FL,9538,27.829588,-80.479591
5789,Joplin,MO,10139,37.085089,-94.546412
5793,West Columbia,SC,10637,33.981943,-81.10075
5796,Branson West,MO,10139,36.700642,-93.370263
5801,San Antonio,TX,10737,29.499598,-98.703136
5803,Troy,MO,10141,38.987361,-90.980668
5806,Indianola,IA,9938,41.373735,-93.557807
5809,Litchfield,IL,9944,39.18321,-89.667482
5811,Fort Payne,AL,9237,34.438966,-85.759793
5812,Somerset,KY,9142,37.067512,-84.621467
5813,Carthage,MS,9433,32.727343,-89.54691
5815,Jackson,AL,9242,31.557712,-87.875177
5816,Waynesboro,GA,10634,33.107,-82.025717
5819,Summerfield,FL,9531,28.963448,-81.967018
5820,Winnfield,LA,9431,31.950122,-92.654542
5821,Jonesboro,LA,9431,32.227578,-92.707913
5822,Johnson City,TN,9137,36.358389,-82.396505
6503,Mena,AR,10133,34.586949,-94.225698
6505,Bluffton,IN,9935,40.773525,-85.166231
6509,Columbus,MS,9433,33.518713,-88.436453
6511,Danville,IL,9944,40.201763,-87.629567
6512,Fort Wayne,IN,9939,41.070224,-85.200447
6513,Newton,IA,9945,41.697618,-93.013914
6515,Pooler,GA,10633,32.141654,-81.243652
6516,Benton,KY,9143,36.867682,-88.359744
6518,Knoxville,IA,9938,41.305657,-93.107675
6519,Bentonville,AR,10131,36.366442,-94.222293
6522,Fort Worth,TX,9839,32.874558,-97.269615
6523,Forrest City,AR,10134,35.029751,-90.79331
6527,Denton,TX,9839,33.192931,-97.094059
6529,Rogers,AR,10131,36.333126,-94.149248
6530,Moore,OK,10439,35.320811,-97.49251
6532,Altus,OK,10439,34.664418,-99.33331
6533,Tulsa,OK,10438,36.047729,-95.958293
6538,Fort Dodge,IA,9938,42.50558,-94.15528
6539,Maryville,MO,10137,40.330014,-94.873336
6541,Fayetteville,AR,10131,36.0511,-94.202598
6542,Niles,MI,9932,41.790333,-86.249876
6544,Commerce,GA,10639,34.245762,-83.457749
6547,Lakeland,FL,9537,28.117758,-81.974324
6548,Dallas,TX,9842,32.935565,-96.752603
6552,Newberry,SC,10638,34.281957,-81.593295
6553,El Paso,TX,10738,31.898067,-106.437178
6554,Mattoon,IL,9944,39.482822,-88.336583
6555,Mansfield,TX,9833,32.606066,-97.115721
6556,Biscoe,NC,10242,35.358571,-79.798539
6557,Vidalia,GA,10633,32.203999,-82.363026
6558,Beaver Dam,KY,9134,37.428062,-86.880558
6560,Plymouth,IN,9939,41.363093,-86.329439
6563,La Fayette,GA,9235,34.746601,-85.271265
6565,Charleston,IL,9944,39.486745,-88.155631
6566,Scottsburg,IN,9940,38.685524,-85.796186
6567,Sapulpa,OK,10438,35.987921,-96.135565
6568,McAlester,OK,10440,34.919003,-95.743927
6569,Wagoner,OK,10440,35.957379,-95.396039
6573,West Melbourne,FL,9538,28.035831,-80.648867
6574,Newport,TN,9132,35.942885,-83.209913
6578,Ada,OK,10439,34.789549,-96.653544
6581,Oklahoma City,OK,10434,35.365137,-97.530428
6582,Yukon,OK,10434,35.489142,-97.762196
6585,Paris,IL,9944,39.602812,-87.682691
6586,Linton,IN,9934,39.038022,-87.131113
6587,Broken Arrow,OK,10438,36.060408,-95.817867
6588,Woodward,OK,10434,36.41217,-99.380833
6589,Tulsa,OK,10438,36.158967,-95.885821
6591,West Helena,AR,10142,34.555916,-90.652732
6597,Spruce Pine,NC,10642,35.869287,-82.043732
6598,Nicholasville,KY,9141,37.898551,-84.564026
6601,Madison,IN,9940,38.782385,-85.378767
6605,Claremore,OK,10438,36.294573,-95.629167
6606,Edmond,OK,10434,35.664796,-97.513642
6607,Ponca City,OK,10434,36.738991,-97.071447
6609,Leesburg,FL,9531,28.840959,-81.898775
6612,Owasso,OK,10438,36.293443,-95.838623
6615,Columbia,SC,10641,34.112878,-80.887318
6618,Tulsa,OK,10438,36.046048,-95.903639
6619,Daphne,AL,9242,30.625447,-87.907102
6621,Seguin,TX,10741,29.564841,-97.942888
6622,Goose Creek,SC,10243,33.033989,-80.06165
6624,Wilmington,NC,10231,34.244171,-77.875883
6627,Fort Worth,TX,9834,32.637288,-97.369353
6628,The Woodlands,TX,9332,30.208861,-95.458464
6630,Mentor,OH,9933,41.679033,-81.305522
6631,El Reno,OK,10434,35.510027,-97.974207
6633,Albany,GA,9241,31.622964,-84.214646
6636,Dallas,TX,9835,32.995403,-96.85581
6637,Oklahoma City,OK,10434,35.638741,-97.532766
6640,Carrollton,KY,9940,38.657553,-85.129219
6645,Greenville,NC,10231,35.576934,-77.389366
6649,Adrian,MI,9932,41.874731,-84.031937
6651,Hugo,OK,10440,34.006794,-95.489581
6652,Ludington,MI,9932,43.95581,-86.400541
6660,Port Richey,FL,9537,28.283795,-82.716217
6666,Bowling Green,OH,9941,41.355856,-83.651108
6667,Madisonville,TN,9133,35.511624,-84.36114
6671,Manchester,TN,9138,35.454884,-86.045553
6676,Taylorsville,NC,10642,35.909401,-81.177573
6678,Clinton,AR,10134,35.567216,-92.452497
6679,McDonough,GA,10631,33.430724,-84.182787
6681,Springfield,MO,10139,37.182368,-93.351815
6683,Greenville,MS,10142,33.368425,-91.041052
6685,Lafayette,LA,9437,30.187057,-92.07571
6686,Orange Park,FL,9533,30.101568,-81.707248
6687,Angola,IN,9939,41.661136,-84.999024
6688,Caro,MI,9936,43.500089,-83.382214
6690,New Braunfels,TX,10741,29.684544,-98.126161
6691,South Haven,MI,9932,42.406473,-86.250541
6694,Calera,AL,9238,33.145677,-86.749616
6696,Kingsport,TN,9137,36.556396,-82.604962
6698,Wauchula,FL,9539,27.567871,-81.81505
6699,Washington Court House,OH,9937,39.523433,-83.457946
6700,Alpena,MI,9936,45.062018,-83.476672
6701,Lewisville,TX,9839,33.071937,-97.038779
6704,El Paso,TX,10738,31.682397,-106.313972
6705,Tulsa,OK,10440,36.118504,-95.852171
6706,Houston,TX,9334,29.921819,-95.60344
6707,Orlando,FL,9536,28.514332,-81.461058
6708,Effingham,IL,9944,39.141904,-88.563339
6709,Hot Springs,AR,10134,34.456185,-93.061442
6710,Morristown,TN,9137,36.213879,-83.257425
6713,Erwin,NC,10241,35.323441,-78.64742
6714,Pinellas Park,FL,9537,27.845061,-82.687071
6715,Macon,GA,10636,32.809416,-83.721115
6717,Houston,TX,9334,29.845743,-95.64513
6718,Baytown,TX,9333,29.776334,-94.977379
6719,Richmond,IN,9935,39.829341,-84.852745
6723,Saraland,AL,9243,30.801088,-88.096436
6724,Savoy,IL,9944,40.047928,-88.254171
6725,Kissimmee,FL,9536,28.341238,-81.385213
6726,Warsaw,IN,9939,41.270701,-85.853819
6728,Montgomery,AL,9240,32.383094,-86.186371
6729,Logan,OH,9933,39.540332,-82.437745
6731,Cambridge,OH,9933,39.990286,-81.574869
6732,Sidney,OH,9937,40.288647,-84.192159
6734,Springfield,IL,9944,39.840239,-89.603406
6736,Waycross,GA,10635,31.197502,-82.323043
6737,Houston,TX,9334,29.821932,-95.544757
6738,Georgetown,KY,9141,38.23166,-84.537905
6739,Conway,AR,10134,35.10852,-92.439552
6745,Cedar Park,TX,10734,30.52137,-97.83353
6748,Rogers,AR,10131,36.31368,-94.125741
6749,Rock Hill,SC,10641,34.942628,-80.961899
6750,Pensacola,FL,9231,30.495635,-87.191292
6751,Pensacola,FL,9231,30.361974,-87.359975
6753,Napoleon,OH,9941,41.405045,-84.13315
6754,Hamilton,OH,9940,39.390548,-84.507533
6759,Statesboro,GA,10633,32.433336,-81.761633
6760,Laurinburg,NC,10232,34.762275,-79.482401
6761,Gaffney,SC,10638,35.089938,-81.662393
6762,Acworth,GA,9235,34.030509,-84.659629
6765,Houston,TX,9335,29.687127,-95.587089
6766,Winder,GA,10639,33.99195,-83.756249
6767,Evans,GA,10634,33.54433,-82.140165
6768,Morehead City,NC,10231,34.734449,-76.80984
6769,Huntingdon,TN,9139,35.996428,-88.437125
6770,Cullman,AL,9237,34.150896,-86.842987
6773,Oklahoma City,OK,10434,35.391226,-97.51106
6774,Seneca,SC,10643,34.68864,-82.997134
6775,Hannibal,MO,10141,39.724863,-91.398097
6776,Clarksville,TN,9134,36.508776,-87.271458
6777,Rogersville,TN,9137,36.396694,-83.017615
6779,Kemah,TX,9331,29.536585,-95.019451
6783,Suwanee,GA,10632,34.038256,-84.050715
6784,Horn Lake,MS,10142,34.962369,-90.032678
6786,Wilmington,NC,10231,34.144615,-77.89713
6788,Athens,GA,10634,33.919498,-83.443307
6792,Clarksville,AR,10133,35.449776,-93.461983
6793,Louisville,KY,9142,38.143705,-85.584924
6794,Wiggins,MS,9435,30.844883,-89.146597
6795,Mason City,IA,9945,43.147145,-93.261355
6797,Laredo,TX,9342,27.517351,-99.449984
6798,Springfield,TN,9134,36.485055,-86.886585
6799,Conway,AR,10134,35.07127,-92.49583
6801,Benton,AR,10136,34.57752,-92.582418
6803,Heber Springs,AR,10134,35.507311,-92.02957
6808,Thomasville,NC,10238,35.856592,-80.067712
6809,Sturgis,MI,9932,41.784626,-85.427608
6812,North Richland Hills,TX,9839,32.904485,-97.188187
6815,Forest City,NC,10642,35.335188,-81.8971
6816,Lima,OH,9941,40.730414,-84.057905
6817,Humble,TX,9336,29.997879,-95.175772
6818,Palatka,FL,9532,29.636646,-81.679979
6819,Bellefontaine,OH,9941,40.329183,-83.759796
6820,Dunnellon,FL,9531,29.064189,-82.454153
6824,San Antonio,TX,10740,29.399995,-98.388168
6825,Pompano Beach,FL,9534,26.230551,-80.153957
6827,Bloomington,IL,9944,40.488052,-89.040403
6828,Carmi,IL,9143,38.075376,-88.190901
6830,Bushnell,FL,9531,28.668152,-82.139161
6831,Frankfort,IN,9935,40.279298,-86.477997
6833,Hillsboro,OH,9937,39.226265,-83.622462
6834,Bolivar,TN,10143,35.278621,-89.023963
6835,Durant,OK,10439,34.000001,-96.410522
6836,Zephyrhills,FL,9537,28.268461,-82.188946
6837,Melbourne,FL,9538,28.23057,-80.724292
6838,Brandon,FL,9537,27.938359,-82.265445
6840,Savannah,TN,9139,35.22594,-88.215862
6841,Royal Palm Beach,FL,9534,26.691054,-80.19945
6843,Sioux City,IA,9938,42.435394,-96.362294
6844,Columbus,IN,9934,39.208392,-85.879871
6845,Brooksville,FL,9537,28.534733,-82.408007
6848,Franklin,IN,9934,39.500914,-86.067136
6849,Clinton,IA,9945,41.816849,-90.242751
6850,Davenport,IA,9945,41.580653,-90.52729
6851,Jackson,OH,9937,39.031397,-82.623975
6852,Cape Coral,FL,9535,26.621376,-81.940444
6858,Roxboro,NC,10238,36.375336,-78.983514
6859,Newark,OH,9933,40.085704,-82.428146
6860,Broken Arrow,OK,10440,36.032292,-95.799155
6862,Thomaston,GA,10636,32.912879,-84.331734
6863,St. Cloud,FL,9538,28.254518,-81.31746
6864,Houston,MO,10132,37.313878,-91.960517
6865,Greenfield,IN,9935,39.811964,-85.768625
6867,Miami,OK,10438,36.904023,-94.877961
6868,Dickson,TN,9131,36.061478,-87.381384
6870,Desloge,MO,10141,37.881684,-90.512042
6873,Indianapolis,IN,9935,39.860122,-85.976627
6875,Wilmington,OH,9937,39.45232,-83.781754
6876,Fishers,IN,9935,39.928272,-86.019815
6877,Fulton,MS,9232,34.242358,-88.398668
6878,Vinita,OK,10438,36.631474,-95.142898
6879,El Paso,TX,10736,31.782945,-106.284596
6880,Mobile,AL,9243,30.650767,-88.161591
6882,Salem,IL,9944,38.624034,-88.982085
6883,Lawton,OK,10439,34.632266,-98.474136
6884,Boaz,AL,9237,34.215989,-86.156509
6885,Ozark,AL,9241,31.443691,-85.650721
6887,East Ellijay,GA,9235,34.657717,-84.489753
6889,Murfreesboro,TN,9138,35.832012,-86.348818
6896,Greenwood,AR,10133,35.219614,-94.297457
6897,Lake Charles,LA,9437,30.270667,-93.180751
6899,Mustang,OK,10434,35.392006,-97.705182
6900,North Augusta,SC,10634,33.503041,-81.958735
6902,Arcadia,FL,9539,27.208323,-81.827573
6906,Marrero,LA,9432,29.876523,-90.09336
6907,Wetumpka,AL,9240,32.506816,-86.214074
6908,Memphis,TN,10143,35.070604,-89.864103
6910,Nevada,MO,10139,37.834033,-94.327462
6913,Tallahassee,FL,9234,30.543216,-84.229051
6914,Oviedo,FL,9536,28.61293,-81.208134
6916,Montgomery,TX,9332,30.382839,-95.65109
6917,Pass Christian,MS,9435,30.33236,-89.190092
6920,Fort Myers,FL,9535,26.611957,-81.814909
6921,Sioux City,IA,9938,42.531877,-96.37231
6922,Leitchfield,KY,9142,37.486443,-86.265806
6923,Storm Lake,IA,9938,42.663409,-95.20013
6924,Centre,AL,9239,34.161514,-85.713996
6926,Wynne,AR,10134,35.252017,-90.777503
6927,Maysville,KY,9141,38.622324,-83.785895
6928,Waverly,TN,9131,36.082431,-87.833012
6929,Austin,TX,10734,30.34046,-97.69171
6930,Hurst,TX,9839,32.846736,-97.185703
6931,Fort Wayne,IN,9939,41.129817,-85.010142
6934,Zanesville,OH,9933,39.892302,-82.046329
6935,Moraine,OH,9937,39.710362,-84.204164
6936,Roanoke Rapids,NC,10241,36.428794,-77.631483
6938,Clayton,NC,10236,35.664449,-78.497559
6939,Orangeburg,SC,10243,33.525061,-80.888967
6940,Central,SC,10643,34.707587,-82.760391
6941,Jacksonville,FL,9533,30.319113,-81.490699
6942,Bremen,GA,10631,33.709339,-85.163136
6943,Radcliff,KY,9142,37.848953,-85.94391
6945,Ottumwa,IA,9945,41.015122,-92.458296
6946,Salem,OH,9933,40.900939,-80.818655
6950,Houston,TX,9335,29.720529,-95.644957
6951,Georgetown,TX,10739,30.64495,-97.6894
6952,Pell City,AL,9239,33.610123,-86.279586
6953,Yulee,FL,9533,30.621323,-81.533345
6954,Enid,OK,10434,36.389825,-97.944406
6955,Nashville,AR,10135,33.92443,-93.855947
6957,West City,IL,9143,37.999195,-88.937653
6960,Morrow,GA,10631,33.590754,-84.338235
6962,Shelbyville,IN,9934,39.524413,-85.742152
6963,Jeffersontown,KY,9940,38.188746,-85.564728
6964,Converse,TX,10740,29.498079,-98.322624
6966,Seminole,OK,10439,35.246857,-96.653921
6967,Austin,TX,10734,30.412433,-97.674593
6968,San Antonio,TX,10740,29.491716,-98.437187
6969,Tampa,FL,9537,28.064021,-82.552793
6970,Cedar Falls,IA,9945,42.484617,-92.440373
6971,Bristol,TN,9137,36.544448,-82.236908
6972,San Antonio,TX,10737,29.486906,-98.535445
6973,Davenport,IA,9945,41.559574,-90.623551
6975,Antioch,TN,9131,36.062575,-86.629805
6976,West Burlington,IA,9945,40.813661,-91.158531
6977,Bartlesville,OK,10438,36.740289,-95.934668
6978,Knoxville,TN,9132,36.031364,-83.868487
6981,Sanford,FL,9531,28.803982,-81.330478
6983,San Antonio,TX,10737,29.517017,-98.63517
6984,Amarillo,TX,10733,35.21186,-101.90315
6985,Baton Rouge,LA,9436,30.408528,-91.019801
6986,Hermitage,TN,9131,36.216819,-86.598195
6988,Baton Rouge,LA,9434,30.460094,-91.089816
6990,Slidell,LA,9432,30.280614,-89.749691
6991,Warsaw,MO,10132,38.26323,-93.370862
6992,Martinsville,IN,9934,39.417459,-86.408232
6994,Kendallville,IN,9939,41.445726,-85.224141
7000,Houghton Lake,MI,9932,44.298179,-84.68106
7001,Port St. Lucie,FL,9534,27.314208,-80.401053
7003,Mount Pleasant,IA,9945,40.978182,-91.539845
7004,Knoxville,TN,9132,35.910486,-83.846301
7005,Oskaloosa,IA,9945,41.296909,-92.668611
7006,Quincy,IL,10141,39.936417,-91.331637
7007,Fremont,MI,9932,43.468052,-85.976568
7008,Cookeville,TN,9135,36.143876,-85.499896
7011,Houston,TX,9335,29.656118,-95.529639
7013,Lewisville,TX,9839,33.003094,-96.990532
7016,Avon,IN,9934,39.764166,-86.355591
7018,Wharton,TX,9335,29.327194,-96.123261
7020,Lilburn,GA,10632,33.904507,-84.111814
7021,Vandalia,IL,9944,38.966426,-89.132532
7024,Iron Mountain,MI,9936,45.809113,-88.037722
7026,Cleveland,TN,9133,35.127248,-84.867118
7027,Cookeville,TN,9135,36.18411,-85.458875
7028,Perry,FL,9234,30.101306,-83.58254
7031,North Little Rock,AR,10136,34.787953,-92.216146
7033,Ava,MO,10132,36.961647,-92.676724
7034,Idabel,OK,10440,33.896302,-94.804179
7036,Dumas,TX,10733,35.841043,-101.972165
7038,Macon,GA,10636,32.880617,-83.759971
7039,McKinney,TX,9835,33.158252,-96.683546
7040,Spring,TX,9332,30.076167,-95.5148
7042,Crosby,TX,9333,29.89501,-95.063913
7043,Lampasas,TX,10731,31.06397,-98.159884
7044,Loganville,GA,10639,33.841637,-83.908515
7045,Mansura,LA,9434,31.096859,-92.060113
7050,Silsbee,TX,9333,30.339602,-94.148613
7051,Pelham,AL,9238,33.339368,-86.792237
7052,Stone Mountain,GA,10639,33.826268,-84.124995
7053,Dallas,TX,9833,32.647938,-96.871331
7054,Cypress,TX,9334,29.974651,-95.699194
7055,San Antonio,TX,10740,29.353697,-98.477413
7056,Baker,LA,9434,30.57931,-91.127531
7057,Columbia,SC,10640,33.962413,-80.940585
7059,Taylors,SC,10643,34.907984,-82.330507
7060,Ozark,MO,10139,37.004111,-93.225535
7061,Hazard,KY,9137,37.29695,-83.214124
7062,Ashland City,TN,9131,36.249485,-87.032924
7066,Keller,TX,9839,32.893764,-97.287222
7067,Lithonia,GA,10639,33.702231,-84.168056
7069,Wylie,TX,9842,33.02337,-96.511925
7072,Auburndale,FL,9537,28.057881,-81.814931
7073,Duluth,GA,10632,33.969414,-84.148294
7074,Chattanooga,TN,9133,35.010521,-85.207354
7076,Lamar,MO,10139,37.496518,-94.301004
7077,Keokuk,IA,9945,40.420302,-91.409788
7079,Gulf Shores,AL,9242,30.265417,-87.68686
7084,Hialeah,FL,9540,25.933954,-80.294769
7085,Wake Forest,NC,10236,35.949735,-78.535
7087,Greenville,AL,9241,31.850291,-86.643931
7088,Trumann,AR,10138,35.681034,-90.551384
7089,Shawnee,OK,10439,35.384742,-96.921418
7097,Fort Worth,TX,9834,32.776285,-97.28968
7098,Rockport,TX,9341,28.046512,-97.043022
7099,Louisville,MS,9433,33.121827,-89.084715
7101,Bowie,TX,9840,33.539873,-97.835539
7102,Little Rock,AR,10136,34.808828,-92.488717
7103,Poinciana,FL,9536,28.144523,-81.447533
7106,Fulton,KY,9143,36.515982,-88.899717
7111,Bardstown,KY,9142,37.800663,-85.434177
7112,Raleigh,NC,10236,35.799679,-78.562082
7113,Elizabethton,TN,9137,36.347819,-82.243959
7114,Evansville,IN,9143,37.974471,-87.638589
7115,Antioch,IL,9943,42.466825,-88.06491
7116,Hot Springs Village,AR,10134,34.632088,-93.058611
7117,Crossett,AR,10135,33.137843,-91.941793
7119,Saginaw,TX,9839,32.881417,-97.383938
7120,Sandersville,GA,10634,32.951679,-82.809689
7121,Pampa,TX,10733,35.568815,-100.967034
7123,Fayetteville,AR,10131,36.123177,-94.150207
7124,Monroe,LA,9431,32.525671,-92.095243
7125,Uvalde,TX,10737,29.23361,-99.75355
7127,Galena,IL,9943,42.433744,-90.446624
7129,Jacksonville,FL,9533,30.286297,-81.563051
7130,Boiling Springs,SC,10638,35.050641,-81.985189
7131,Greenville,SC,10643,34.855239,-82.455001
7132,Greer,SC,10643,34.94593,-82.207713
7133,Fort Smith,AR,10133,35.348294,-94.339947
7134,Hot Springs,AR,10134,34.492769,-93.090053
7135,Jonesboro,AR,10138,35.81577,-90.732088
7138,New Orleans,LA,9432,29.912703,-90.018388
7139,Winnsboro,LA,9431,32.181066,-91.727063
7143,Mission,TX,9339,26.194617,-98.285463
7144,Jacksonville,FL,9533,30.301889,-81.760842
7146,Florence,SC,10232,34.155197,-79.766587
7148,Fremont,OH,9941,41.373447,-83.118713
7149,Wauseon,OH,9941,41.573992,-84.136207
7150,Excelsior Springs,MO,10137,39.331427,-94.265203
7151,Chillicothe,OH,9937,39.346482,-82.972081
7152,Midland,MI,9936,43.660835,-84.24023
7154,Melbourne,FL,9538,28.171526,-80.672331
7155,Orlando,FL,9536,28.541189,-81.276884
7156,Lovejoy,GA,10631,33.444158,-84.323953
7157,Louisville,KY,9940,38.199844,-85.669621
7159,Hernando,MS,10142,34.822607,-89.971368
7160,Bedford,TX,9839,32.844283,-97.132681
7161,Brownsville,TX,9342,25.943116,-97.426294
7162,Clayton,OH,9940,39.857831,-84.331774
7163,Canton,OH,9933,40.796388,-81.421589
7164,Atlantic,IA,9938,41.403558,-94.986173
7166,Rockford,IL,9943,42.314828,-89.11396
7167,Celina,OH,9941,40.556272,-84.541327
7168,Kenton,OH,9941,40.655901,-83.582495
7169,Wapakoneta,OH,9941,40.563582,-84.177246
7170,Jacksonville,AL,9239,33.787745,-85.762119
7173,Hazlehurst,GA,10635,31.863788,-82.585966
7174,Clarksdale,MS,10142,34.182695,-90.591434
7176,Sweetwater,TX,10731,32.45187,-100.393761
7177,Fairfield,IL,9143,38.377868,-88.388606
7178,Indianapolis,IN,9934,39.700078,-86.083143
7179,Cadillac,MI,9932,44.282171,-85.397027
7181,Mexico,MO,10141,39.120937,-91.893163
7182,Camdenton,MO,10132,38.023641,-92.72359
7183,Marshall,MO,10132,39.111835,-93.213569
7184,Flippin,AR,10131,36.27559,-92.601667
7185,Malvern,AR,10135,34.390809,-92.830131
7187,Pryor,OK,10438,36.261876,-95.332548
7188,Canyon,TX,10733,34.999027,-101.920661
7189,Roanoke,TX,9839,33.013968,-97.219526
7190,Kissimmee,FL,9536,28.344176,-81.486045
7191,Ville Platte,LA,9434,30.684886,-92.261795
7192,Blue Springs,MO,10137,39.026447,-94.255645
7194,Lewisburg,TN,9138,35.469594,-86.790757
7196,Palmhurst,TX,9339,26.261269,-98.317418
7197,Rockdale,TX,10734,30.644026,-97.033481
7199,Cairo,GA,9241,30.885938,-84.20521
7201,Eatonton,GA,10634,33.29585,-83.386308
7202,Stanford,KY,9142,37.547761,-84.646861
7203,De Queen,AR,10133,34.045098,-94.318645
7204,Port Lavaca,TX,9341,28.633353,-96.628311
7205,Swainsboro,GA,10633,32.589174,-82.328618
7207,Greeneville,TN,9137,36.187046,-82.761028
7208,Soddy Daisy,TN,9133,35.235512,-85.200954
7209,Austin,TX,10741,30.219217,-97.755281
7210,Harker Heights,TX,10739,31.069256,-97.671606
7211,Austin,TX,10741,30.166619,-97.789
7212,New Boston,TX,9841,33.472986,-94.403418
7217,Chalmette,LA,9432,29.957846,-89.985931
7218,El Paso,TX,10738,31.743313,-106.288067
7219,Coshocton,OH,9933,40.296976,-81.850726
7220,Marietta,GA,10632,34.017875,-84.554626
7221,Lawrenceville,GA,10632,33.937885,-84.027115
7222,Donaldsonville,LA,9436,30.093757,-90.979896
7223,Gatesville,TX,10739,31.425527,-97.715137
7224,Venice,FL,9539,27.049293,-82.396099
7225,Rockingham,NC,10232,34.914741,-79.7364
7226,Pearland,TX,9331,29.573018,-95.285632
7228,Surfside Beach,SC,10235,33.648882,-78.980576
7229,Skiatook,OK,10438,36.369123,-96.012592
7230,Fredericktown,MO,10141,37.559387,-90.321443
7231,Champaign,IL,9944,40.14685,-88.257342
7233,Eden,NC,10233,36.487341,-79.736049
7234,Sandusky,MI,9936,43.4203,-82.856995
7235,Abilene,TX,10731,32.478726,-99.70012
7236,Fort Worth,TX,9834,32.702265,-97.428257
7237,Houston,TX,9335,29.680641,-95.56007
7239,Mineral Wells,TX,9840,32.813987,-98.083467
7241,Mayodan,NC,10233,36.417894,-79.936454
7242,Reidsville,NC,10233,36.385452,-79.667993
7244,Houghton,MI,9936,47.108064,-88.588992
7246,Owosso,MI,9936,42.998233,-84.140118
7247,Mebane,NC,10238,36.068879,-79.270936
7248,Van Wert,OH,9941,40.888162,-84.580179
7249,Midland,TX,10732,31.974752,-102.073174
7250,Stilwell,OK,10440,35.798778,-94.625116
7251,Amarillo,TX,10733,35.171746,-101.862372
7252,Snellville,GA,10639,33.806089,-84.044906
7253,Mountain View,AR,10134,35.867711,-92.103958
7254,Eastland,TX,10731,32.403011,-98.792809
7255,Lindale,TX,9831,32.473909,-95.38994
7256,Plainfield,IN,9934,39.713327,-86.367445
7257,Charleston,SC,10243,32.822893,-80.079436
7258,Graham,TX,9840,33.083598,-98.581885
7259,Moncks Corner,SC,10243,33.2085,-79.984871
7260,Walterboro,SC,10243,32.932734,-80.690795
7261,Raymondville,TX,9338,26.452749,-97.781619
7262,Owens Cross Roads,AL,9237,34.65949,-86.48573
7263,Wilson,NC,10241,35.733776,-77.95145
7264,Cordova,TN,10143,35.139954,-89.796267
7265,Chickasha,OK,10439,35.029968,-97.933022
7266,Burlington,NC,10238,36.092915,-79.405529
7268,Piqua,OH,9937,40.151148,-84.208321
7269,Azle,TX,9840,32.901128,-97.545981
7271,Lexington,NC,10242,35.794978,-80.261528
7273,Travelers Rest,SC,10643,34.961624,-82.432967
7274,Demopolis,AL,9433,32.494038,-87.852135
7275,Urbana,IL,9944,40.110819,-88.161958
7276,Jefferson City,TN,9132,36.127165,-83.469209
7277,Pikeville,KY,9137,37.505867,-82.538508
7279,Hendersonville,TN,9134,36.3207,-86.5957
7280,Lenoir City,TN,9135,35.821659,-84.26694
7281,Clermont,FL,9531,28.528166,-81.731398
7282,Winter Haven,FL,9536,27.977862,-81.646446
7283,Carrollton,GA,10631,33.543828,-85.074458
7284,Dallas,GA,10632,33.933407,-84.733253
7285,Eastanollee,GA,10643,34.548509,-83.280851
7287,Marion,IA,9945,42.035088,-91.551257
7289,Lake St. Louis,MO,10141,38.773633,-90.783844
7290,Greenwood,MS,10142,33.528806,-90.219966
7291,Indianola,MS,10142,33.457904,-90.663407
7292,Amelia,OH,9940,39.01771,-84.198531
7293,Mansfield,OH,9933,40.692604,-82.510821
7294,Madison,OH,9933,41.802568,-81.071449
7295,Humboldt,TN,9139,35.841491,-88.914476
7296,Milan,TN,9139,35.876647,-88.745719
7300,South Bend,IN,9939,41.726664,-86.290769
7301,Lafayette,TN,9135,36.519469,-86.036841
7305,Greenwood,IN,9934,39.633261,-86.081888
7306,Muncie,IN,9935,40.15954,-85.369475
7307,Portland,IN,9935,40.43978,-84.991608
7309,Marysville,OH,9933,40.230904,-83.342918
7310,Springfield,OH,9937,39.922618,-83.745454
7311,Tiffin,OH,9941,41.111277,-83.223646
7312,Crawfordsville,IN,9935,40.011995,-86.905448
7314,New Albany,MS,9232,34.494401,-89.031775
7315,Belmont,NC,10239,35.253656,-81.033994
7316,Jamestown,TN,9135,36.426837,-84.923776
7317,Warner Robins,GA,10636,32.593008,-83.613276
7318,Brownsville,TN,10143,35.586899,-89.240534
7319,Plaquemine,LA,9436,30.262741,-91.2528
7320,Cassville,MO,10139,36.676239,-93.887728
7321,Oklahoma City,OK,10434,35.493583,-97.368593
7322,Palmetto,FL,9539,27.521765,-82.559876
7323,Cedartown,GA,9235,34.045931,-85.236856
7324,Oakdale,LA,9434,30.79255,-92.676389
7326,Desoto,TX,9833,32.590412,-96.879508
7328,North Port,FL,9535,27.03664,-82.217689
7329,Gibsonton,FL,9539,27.849181,-82.355056
7330,Alma,AR,10133,35.480966,-94.230522
7331,Camden,TN,9139,36.086637,-88.108916
7332,Unicoi,TN,9137,36.186758,-82.374318
7333,Fort Worth,TX,9840,32.764353,-97.481726
7334,Liberty,TX,9333,30.075188,-94.77287
7335,Magnolia,TX,9332,30.190964,-95.59041
7336,Jacksonville,FL,9533,30.282001,-81.630086
7338,Crawfordville,FL,9234,30.216131,-84.362429
7339,Montgomery,AL,9240,32.371544,-86.270221
7341,Lawrenceburg,KY,9141,38.035464,-84.911415
7342,Amite,LA,9439,30.727045,-90.52856
7343,Eunice,LA,9434,30.494652,-92.447464
7344,Marshfield,MO,10132,37.339748,-92.939199
7345,Pontotoc,MS,9232,34.285067,-89.023863
7346,Greensboro,NC,10238,36.111098,-79.755883
7347,Findlay,OH,9941,41.057676,-83.673197
7349,Purcell,OK,10439,34.986378,-97.368778
7350,Balch Springs,TX,9842,32.733592,-96.616052
7352,Decatur,IN,9935,40.809959,-84.939477
7354,St. Johns,MI,9936,42.977558,-84.540397
7357,Hondo,TX,10737,29.345371,-99.127733
7358,League City,TX,9331,29.468389,-95.087795
7360,Port Charlotte,FL,9535,27.023885,-82.046022
7361,Holly Hill,FL,9532,29.248343,-81.068143
7363,Sheridan,AR,10135,34.290117,-92.398155
7364,Fort Gratiot,MI,9936,43.048337,-82.457905
7365,Brownsville,TX,9342,25.922889,-97.479059
7366,Martin,TN,9139,36.353211,-88.883741
7368,Laredo,TX,9342,27.452044,-99.476792
7369,Oak Grove,LA,9431,32.854599,-91.393238
7370,Mocksville,NC,10238,35.926762,-80.591778
7371,Oberlin,OH,9941,41.265966,-82.220659
7378,San Angelo,TX,10731,31.485946,-100.461128
7379,Tyler,TX,9832,32.295928,-95.260927
7380,Fairfield,AL,9238,33.465638,-86.913597
7381,Fort Wayne,IN,9939,41.015782,-85.119871
7382,Childress,TX,10733,34.436554,-100.233143
7383,Quinlan,TX,9831,32.909888,-96.126828
7384,Forest,MS,9433,32.339362,-89.484379
7385,Wadesboro,NC,10232,34.979787,-80.102138
7387,Clio,MI,9936,43.176158,-83.774793
7388,Cleveland,MS,10142,33.756416,-90.714803
7389,Stockbridge,GA,10631,33.505418,-84.234763
7390,Beeville,TX,9341,28.423488,-97.754611
7391,Longview,TX,9841,32.43792,-94.715886
7392,Lexington,KY,9141,38.036905,-84.423976
7393,McAllen,TX,9339,26.241442,-98.243953
7394,Andalusia,AL,9241,31.320231,-86.444416
7395,Buda,TX,10741,30.088089,-97.82335
7396,Covington,TN,10143,35.544231,-89.66448
7397,Xenia,OH,9937,39.689706,-83.966798
7398,Tulsa,OK,10440,36.003158,-95.888443
7399,Bloomington,IN,9934,39.143556,-86.579028
7400,Edinburg,TX,9339,26.266436,-98.202302
7401,Lafayette,IN,9935,40.365824,-86.857483
7402,Springhill,LA,9438,32.984547,-93.459998
7403,Bastrop,LA,9431,32.773772,-91.869622
7405,Vidalia,LA,9431,31.57562,-91.462497
7406,Middleburg,FL,9533,30.106597,-81.831519
7407,Buford,GA,10632,34.078376,-83.919325
7408,McKinney,TX,9835,33.217949,-96.734597
7409,Navarre,FL,9231,30.41017,-86.830819
7411,Macclenny,FL,9533,30.264833,-82.10865
7413,College Park,GA,10631,33.587362,-84.469748
7414,Paris,KY,9141,38.198467,-84.276085
7415,Mathews,LA,9432,29.692745,-90.552145
7416,Washington,MO,10141,38.540499,-90.992536
7417,Elizabeth City,NC,10231,36.293762,-76.298428
7418,Fayetteville,NC,10234,35.123389,-78.880192
7419,Leland,NC,10235,34.212363,-78.022178
7420,Winston-Salem,NC,10238,36.029228,-80.262458
7422,Manning,SC,10243,33.698935,-80.227622
7423,Ooltewah,TN,9133,35.082536,-85.064201
7424,Dunlap,TN,9135,35.384819,-85.380735
7425,Johnson City,TN,9137,36.309311,-82.406544
7426,Bay City,TX,9335,28.985952,-95.93416
7427,Lubbock,TX,10735,33.519114,-101.955692
7429,Franklin,OH,9940,39.564195,-84.279313
7430,South Bend,IN,9939,41.627723,-86.256362
7432,Whitehall,OH,9937,39.955746,-82.902274
7434,Midlothian,TX,9833,32.483076,-97.006132
7436,Pflugerville,TX,10734,30.451914,-97.605873
7437,Plano,TX,9835,33.087638,-96.749377
7438,Mount Olive,NC,10241,35.212412,-78.070675
7440,Pauls Valley,OK,10439,34.73856,-97.249409
7442,Oswego,IL,9931,41.704956,-88.305087
7443,Grand Haven,MI,9932,43.036535,-86.219072
7444,Wimauma,FL,9539,27.713288,-82.333635
7445,Naples,FL,9535,26.055639,-81.699007
7446,Aurora,MO,10139,36.946171,-93.71809
7447,Fort Smith,AR,10133,35.400766,-94.365111
7448,Columbus,GA,10636,32.536381,-84.877057
7449,Carthage,TN,9135,36.244353,-85.940513
7450,Maryville,TN,9135,35.716047,-84.015201
7451,Fort Wayne,IN,9939,41.177132,-85.166589
7452,Meridian,MS,9433,32.384792,-88.750422
7453,Richmond,TX,9335,29.688822,-95.773393
7454,Lebanon,KY,9142,37.554955,-85.285248
7455,West Point,MS,9433,33.585572,-88.659791
7456,Punta Gorda,FL,9535,26.894489,-82.012217
7459,Cheraw,SC,10232,34.699476,-79.93229
7460,Columbia,SC,10640,34.03081,-81.108542
7461,Wichita Falls,TX,9840,33.851005,-98.49947
7462,San Antonio,TX,10737,29.433862,-98.716559
7463,Broussard,LA,9437,30.142097,-91.943836
7464,Cherryville,NC,10239,35.398825,-81.340511
7465,Sherwood,AR,10136,34.840106,-92.234951
7466,Maumelle,AR,10136,34.829724,-92.392429
7467,Humble,TX,9333,29.937144,-95.25027
7468,Dublin,GA,10636,32.549246,-82.970048
7469,Alexandria,LA,9431,31.294688,-92.513284
7470,Union,SC,10638,34.729092,-81.640869
7471,Boonville,MO,10132,38.9519,-92.74168
7472,Wallace,NC,10241,34.740818,-77.970339
7473,Camden,AR,10135,33.569048,-92.837369
7474,Irmo,SC,10638,34.125353,-81.22059
7475,Hudson,FL,9537,28.341638,-82.698485
7477,Laurens,SC,10643,34.491879,-81.98079
7478,Eufaula,AL,9240,31.844356,-85.168232
7479,Lynn Haven,FL,9234,30.226528,-85.648727
7480,Bedford,VA,10233,37.324271,-79.497307
7482,Shreveport,LA,9438,32.485133,-93.707486
7483,Dodge City,KS,10137,37.76848,-100.03342
7484,Hutchinson,KS,10137,38.070819,-97.894267
7485,Columbus,NE,9938,41.440298,-97.319039
7486,Leavenworth,KS,10137,39.267295,-94.929221
7487,Fremont,NE,9938,41.451971,-96.458536
7488,Katy,TX,9334,29.859092,-95.719064
7489,Spring,TX,9332,30.125928,-95.458857
7491,Broomfield,CO,10436,39.914771,-105.046714
7492,Thornton,CO,10436,39.929181,-104.907325
7493,Floresville,TX,10740,29.164223,-98.178945
7494,Timnath,CO,10433,40.523805,-104.988779
7495,Locust Grove,GA,10636,33.354658,-84.119238
7496,Clinton,NC,10241,34.991166,-78.352468
7497,Osprey,FL,9539,27.194188,-82.488982
7498,Conover,NC,10242,35.724911,-81.210637
7499,Socorro,TX,10736,31.653688,-106.289408
7500,High Point,NC,10238,35.994998,-80.031145
7501,Montgomery,AL,9240,32.357242,-86.133924
7502,Millbrook,AL,9240,32.495167,-86.400982
7503,Guthrie,OK,10434,35.861961,-97.424347
7504,Carthage,TX,9832,32.167385,-94.367876
7505,Bainbridge,GA,9241,30.889585,-84.568494
7506,Fairhope,AL,9242,30.522609,-87.85165
7507,Springville,AL,9239,33.778424,-86.431314
7508,Denham Springs,LA,9439,30.561884,-90.95637
7509,Breaux Bridge,LA,9437,30.291282,-91.912258
7511,Kankakee,IL,9931,41.078507,-87.861447
7512,Elkhart,IN,9939,41.688065,-86.059712
7513,Cortland,OH,9933,41.275339,-80.774434
7514,Missouri City,TX,9335,29.535529,-95.520012
7515,Kent,OH,9933,41.099135,-81.384082
7516,El Paso,TX,10736,31.805424,-106.260344
7517,Cleveland,OK,10438,36.299196,-96.463603
7518,White House,TN,9134,36.472006,-86.676029
7519,College Station,TX,9332,30.598809,-96.301758
7520,El Dorado,AR,10135,33.240593,-92.666164
7521,Appomattox,VA,10233,37.366353,-78.838755
7522,Kenedy,TX,9341,28.832539,-97.865247
7523,Lockhart,TX,10741,29.856021,-97.667667
7524,Blue Ridge,GA,9235,34.87711,-84.322919
7525,Rochelle,IL,9931,41.935246,-89.051077
7526,Johnsburg,IL,9943,42.368334,-88.268859
7527,Montgomery,IL,9931,41.722108,-88.371653
7528,Palm Springs,FL,9534,26.628937,-80.08445
7529,Houston,TX,9336,29.787305,-95.46644
7530,Chesapeake,VA,10240,36.654564,-76.232031
7531,Jacksonville,IL,9944,39.72241,-90.270827
7532,Valparaiso,IN,9939,41.456238,-87.031489
7533,Louisville,KY,9940,38.173816,-85.871551
7534,Leesville,LA,9434,31.118962,-93.271864
7535,Baton Rouge,LA,9439,30.437045,-91.007114
7537,Farmerville,LA,9431,32.77225,-92.393844
7538,Lenoir,NC,10642,35.928065,-81.527659
7539,McComb,MS,9440,31.262156,-90.47213
7540,Dardanelle,AR,10133,35.218637,-93.164831
7542,Bessemer,AL,9238,33.36266,-87.000223
7544,Port Orange,FL,9532,29.116741,-81.021809
7545,Chelsea,AL,9238,33.349517,-86.618415
7547,Livingston,TX,9332,30.71438,-94.955217
7548,Lithia Springs,GA,10632,33.773567,-84.602588
7552,Alexandria,LA,9431,31.277797,-92.453832
7553,Buford,GA,10632,34.087684,-83.99126
7554,Marietta,GA,10632,33.908723,-84.490775
7555,Leeds,AL,9239,33.562343,-86.520677
7556,Montgomery,AL,9240,32.327816,-86.23284
7558,Cut Off,LA,9432,29.469635,-90.322892
7559,Kansas City,MO,10137,39.241941,-94.460976
7560,Hampton,VA,10240,37.041459,-76.381145
7561,Broken Arrow,OK,10440,36.065276,-95.743271
7564,Orange Park,FL,9533,30.139044,-81.7711
7565,Flowood,MS,9440,32.352447,-90.023169
7566,Oxford,MS,10142,34.361693,-89.564203
7567,Bastrop,TX,10741,30.104093,-97.333629
7568,D'Iberville,MS,9435,30.458301,-88.894584
7569,Henderson,KY,9143,37.858867,-87.566563
7571,Moulton,AL,9232,34.495592,-87.279142
7572,Covington,GA,10639,33.576318,-83.961946
7573,Holly Springs,MS,10142,34.745586,-89.457948
7574,Greenville,TX,9831,33.092832,-96.108572
7575,Porter,TX,9336,30.105619,-95.234824
7576,Louisville,KY,9142,38.127571,-85.778859
7578,Danville,KY,9142,37.616054,-84.773331
7579,Woodstock,IL,9931,42.297818,-88.425326
7580,Shorewood,IL,9931,41.548174,-88.201503
7581,Round Lake Beach,IL,9943,42.396623,-88.065885
7582,Chattanooga,TN,9133,35.092814,-85.331034
7583,Lawrenceburg,TN,9138,35.274009,-87.316969
7584,Highland Village,TX,9839,33.074609,-97.079305
7585,Harrisburg,IL,9143,37.729564,-88.535136
7586,Stephenville,TX,10731,32.205335,-98.238174
7587,Chattanooga,TN,9133,35.017661,-85.375831
7588,Bedford,TX,9839,32.864275,-97.103859
7589,Houston,TX,9336,29.828697,-95.377785
7590,Port Isabel,TX,9342,26.070548,-97.223037
7591,Union City,TN,9139,36.414362,-89.078208
7592,Monroe,MI,9936,41.953746,-83.396784
7593,Zion,IL,9943,42.464927,-87.866901
7596,Miami Gardens,FL,9540,25.936672,-80.205203
7597,Tyler,TX,9832,32.274841,-95.308186
7598,Kansas City,MO,10137,39.044994,-94.44116
7600,Crystal Lake,IL,9943,42.210558,-88.284803
7601,Charlotte,MI,9932,42.581707,-84.803792
7602,Gaylord,MI,9932,45.024014,-84.691533
7603,London,KY,9132,37.112137,-84.092161
7604,Suffolk,VA,10240,36.881317,-76.429596
7605,St Robert,MO,10132,37.824959,-92.154843
7606,La Grange,KY,9940,38.395994,-85.3745
7608,New Lenox,IL,9943,41.513534,-87.957273
7610,Indian Trail,NC,10239,35.078321,-80.652459
7611,Havelock,NC,10231,34.913867,-76.938677
7613,Apex,NC,10236,35.714446,-78.845212
7616,Charlotte,NC,10239,35.225281,-80.891998
7617,Central City,KY,9134,37.27287,-87.143414
7618,Myrtle Beach,SC,10235,33.704493,-78.911736
7620,Michigan City,IN,9939,41.666376,-86.890441
7621,Seymour,IN,9940,38.957315,-85.864809
7622,Garland,TX,9842,32.8405,-96.598015
7625,Waco,TX,10739,31.522244,-97.167177
7626,Rocky Mount,VA,10233,37.014812,-79.864988
7627,Corpus Christi,TX,9341,27.85394,-97.631266
7628,Corpus Christi,TX,9341,27.739746,-97.438911
7630,Rio Grande City,TX,9339,26.367368,-98.794607
7631,Dry Ridge,KY,9141,38.680539,-84.596313
7632,Gloucester,VA,10240,37.399131,-76.526937
7633,Roanoke,VA,10233,37.323886,-79.871849
7634,Winchester,VA,10240,39.158143,-78.171249
7635,Batesville,AR,10134,35.764737,-91.613144
7636,Farmville,VA,10233,37.27763,-78.399655
7638,Austin,TX,10734,30.468783,-97.789847
7639,Augusta,GA,10634,33.468537,-82.070195
7640,Donna,TX,9338,26.181504,-98.040333
7641,Plano,TX,9835,33.055451,-96.695985
7642,Cleveland,GA,10632,34.576877,-83.760085
7643,Chester,VA,10240,37.352224,-77.482676
7644,Horizon City,TX,10736,31.680327,-106.199027
7645,Culpeper,VA,10240,38.482412,-77.973365
7646,Kingsville,TX,9338,27.490957,-97.854213
7647,Weslaco,TX,9338,26.174089,-97.989734
7648,Shreveport,LA,9438,32.448809,-93.867115
7649,Pleasanton,TX,10740,28.939631,-98.512791
7650,Eagle Pass,TX,10737,28.701211,-100.482877
7651,Brownwood,TX,10731,31.728949,-98.983192
7652,Boerne,TX,10740,29.77765,-98.726265
7653,Lufkin,TX,9832,31.299555,-94.729093
7654,Lancaster,TX,9833,32.592998,-96.821665
7655,Elsa,TX,9338,26.286697,-97.992701
7656,Devine,TX,10737,29.132849,-98.895983
7657,Brownsville,TX,9342,25.950885,-97.480216
7658,Baytown,TX,9333,29.818761,-94.898203
7659,Greenville,MI,9932,43.177687,-85.290899
7660,Blairsville,GA,9235,34.862289,-83.999441
7661,Knoxville,TN,9132,36.006237,-84.025092
7662,Weatherford,TX,9840,32.733051,-97.793505
7663,La Grange,TX,10741,29.902513,-96.905036
7666,Cedar Park,TX,10734,30.53413,-97.787888
7667,Dallas,TX,9833,32.647619,-96.944044
7669,Orlando,FL,9536,28.475904,-81.397149
7670,Bradenton,FL,9539,27.438868,-82.457881
7671,Katy,TX,9334,29.782434,-95.802479
7672,Odessa,TX,10732,31.854273,-102.410891
7673,Arlington,TX,9833,32.645348,-97.116172
7674,Cedar Hill,TX,9833,32.600498,-96.945426
7675,La Porte,TX,9331,29.665264,-95.098877
7676,Houston,TX,9331,29.630502,-95.23461
7677,Hudson Oaks,TX,9840,32.754986,-97.711379
7678,Lubbock,TX,10735,33.591899,-101.857376
7679,Marshall,TX,9841,32.5577,-94.350533
7680,Mesquite,TX,9842,32.787475,-96.597866
7681,Palestine,TX,9832,31.73467,-95.616171
7682,Pasadena,TX,9331,29.64928,-95.16162
7683,Pearland,TX,9331,29.54683,-95.233247
7684,Prairieville,LA,9436,30.331706,-90.985346
7685,Schertz,TX,10741,29.603625,-98.277941
7686,Tomball,TX,9336,30.014778,-95.592732
7687,Alabaster,AL,9238,33.235745,-86.803765
7688,Charlotte,NC,10239,35.139941,-80.733773
7689,Destin,FL,9233,30.387818,-86.448782
7690,San Antonio,TX,10737,29.441805,-98.640708
7691,Dothan,AL,9241,31.265933,-85.442038
7692,Dexter,MO,10138,36.803154,-89.991945
7693,Hartsville,SC,10232,34.358721,-80.061143
7694,Tawas City,MI,9936,44.275959,-83.504522
7695,Shelby Township,MI,9936,42.670423,-83.008989
7696,Waukegan,IL,9943,42.343275,-87.895779
7697,Oxford,AL,9239,33.600592,-85.834428
7698,Alamo,TX,9338,26.192089,-98.133628
7699,Rockwall,TX,9831,32.90035,-96.461708
7700,Forney,TX,9831,32.743531,-96.447741
7701,Sealy,TX,9334,29.756856,-96.151164
7702,Titusville,FL,9538,28.554385,-80.844551
7703,Melbourne,FL,9538,28.122057,-80.672679
7704,Englewood,FL,9535,26.934009,-82.3105
7706,Lake Charles,LA,9437,30.194924,-93.248419
7707,Houston,TX,9333,29.80806,-95.164472
7708,Lake City,FL,9532,30.180114,-82.675944
7709,Athens,TN,9133,35.452444,-84.629374
7710,Belton,TX,10739,31.08257,-97.45897
7711,Hickory Creek,TX,9839,33.129219,-97.045116
7712,Round Rock,TX,10734,30.533309,-97.614098
7714,Opelousas,LA,9434,30.518766,-92.066106
7715,DeRidder,LA,9434,30.866294,-93.285923
7716,Baton Rouge,LA,9439,30.54194,-91.027855
7717,Delray Beach,FL,9534,26.43576,-80.12261
7718,Marianna,FL,9234,30.728585,-85.186079
7719,Pensacola,FL,9231,30.527775,-87.274478
7720,Lake Park,FL,9534,26.794228,-80.086097
7721,Dallas,TX,9842,32.764447,-96.895959
7723,Greenwood,SC,10643,34.206224,-82.19124
7724,Big Spring,TX,10731,32.229215,-101.469195
7725,Warrensburg,MO,10132,38.779526,-93.736365
7727,Callaway,FL,9234,30.162604,-85.591487
7728,Thibodaux,LA,9432,29.80887,-90.81616
7729,La Marque,TX,9331,29.404153,-95.036385
7730,Taylor,TX,10734,30.60011,-97.418124
7731,Center,TX,9832,31.800443,-94.192989
7732,Van Buren,AR,10133,35.46845,-94.355306
7733,Whiteville,NC,10232,34.301186,-78.722513
7734,Monroe,GA,10639,33.79652,-83.743219
7735,Rome,GA,9235,34.220592,-85.132034
7736,Muskogee,OK,10440,35.77043,-95.372349
7737,Ocala,FL,9532,29.211206,-82.06413
7738,Portland,TX,9341,27.89602,-97.305775
7739,Sulphur Springs,TX,9841,33.106109,-95.596598
7741,Gainesville,TX,9835,33.642966,-97.134117
7742,Jennings,LA,9437,30.244986,-92.661092
7743,Tifton,GA,10635,31.445131,-83.542678
7744,Mountain Home,AR,10131,36.357044,-92.340698
7745,Waco,TX,10739,31.49073,-97.21225
7746,Natchez,MS,9431,31.551844,-91.370931
7747,Gun Barrel City,TX,9831,32.331622,-96.134074
7748,Troy,AL,9240,31.778715,-85.938827
7749,Pineville,LA,9431,31.367621,-92.409135
7750,Minden,LA,9438,32.626788,-93.250252
8500,Walker,LA,9439,30.47958,-90.863748
8501,Gonzales,LA,9436,30.231977,-90.907006
8502,Nashville,NC,10241,35.970457,-77.937534
8503,Petal,MS,9435,31.351705,-89.234644
8504,Granite Falls,NC,10642,35.777071,-81.393898
8505,Tarboro,NC,10231,35.88344,-77.547895
8506,Zebulon,NC,10241,35.829228,-78.296446
8507,Williamston,NC,10231,35.834551,-77.066118
8508,Spring Lake,NC,10234,35.175125,-78.969362
8509,Kinston,NC,10241,35.262042,-77.648646
8510,Denham Springs,LA,9439,30.537698,-90.956087
8511,Paris,TN,9139,36.284142,-88.308397
8512,Moultrie,GA,10635,31.17214,-83.760968
8513,Springdale,AR,10131,36.176083,-94.210903
8514,Blytheville,AR,10138,35.92933,-89.869762
8515,Clover,SC,10239,35.119855,-81.082247
8516,LaFollette,TN,9132,36.348885,-84.15816
8517,Dillon,SC,10232,34.436515,-79.37047
8518,Valdosta,GA,10635,30.8257,-83.316392
8519,Macon,GA,10636,32.863371,-83.613526
8520,Salisbury,NC,10242,35.657164,-80.464247
8521,Winchester,TN,9138,35.217521,-86.100847
8522,Elkin,NC,10642,36.275358,-80.84246
8523,Jonesboro,AR,10138,35.825791,-90.669279
8524,Lexington,SC,10637,33.91306,-81.225743
8525,Arlington,TX,9843,32.665454,-97.205584
8526,Booneville,MS,9232,34.679368,-88.561001
8527,Denver,NC,10242,35.449837,-81.004832
8528,Lancaster,SC,10641,34.733717,-80.799056
8530,Olive Branch,MS,10142,34.962906,-89.884264
8531,Smithfield,NC,10241,35.518907,-78.31374
8532,Gautier,MS,9435,30.393741,-88.660314
8533,Paragould,AR,10138,36.059626,-90.519846
8535,Houma,LA,9432,29.626855,-90.761938
8536,Las Cruces,NM,10738,32.293773,-106.786519
8538,Columbia,SC,10641,34.141613,-80.940842
8539,Oneida,TN,9132,36.515031,-84.507874
8540,High Point,NC,10238,35.92616,-79.985762
8541,Greenville,TX,9831,33.119746,-96.109095
8542,Prattville,AL,9240,32.460061,-86.408156
8543,Jackson,MS,9440,32.399152,-90.140274
8544,Vicksburg,MS,9440,32.302939,-90.889159
8545,Osage Beach,MO,10132,38.149715,-92.617984
8546,Brewton,AL,9242,31.1471,-87.066826
8547,Laurel,MS,9440,31.709781,-89.149194
8548,Hazlehurst,MS,9440,31.873646,-90.405547
8549,Garner,NC,10236,35.611265,-78.553916
8550,Mayfield,KY,9143,36.722535,-88.62664
8551,Chattanooga,TN,9133,35.032983,-85.180393
8552,North Charleston,SC,10243,32.964734,-80.044761
8553,Greensboro,NC,10238,35.998913,-79.792933
8554,Los Lunas,NM,10435,34.814381,-106.750011
8555,Bentonville,AR,10131,36.335606,-94.194799
8556,Attalla,AL,9239,33.99741,-86.095849
8557,Pensacola,FL,9231,30.398544,-87.27712
8558,Wilkesboro,NC,10642,36.149441,-81.204762
8559,Fayetteville,AR,10131,36.077941,-94.205073
8560,Sanford,NC,10234,35.444637,-79.129172
8561,Mullins,SC,10232,34.186884,-79.34146
8562,Sevierville,TN,9132,35.872049,-83.568517
8563,Siler City,NC,10242,35.734299,-79.426181
8564,Goldsboro,NC,10241,35.429282,-78.062878
8565,Nacogdoches,TX,9832,31.64603,-94.653953
8566,Augusta,GA,10634,33.50713,-82.091794
8567,Port Wentworth,GA,10633,32.196758,-81.197744
8568,Warner Robins,GA,10636,32.618823,-83.673586
8569,Jacksonville,NC,10231,34.753717,-77.459878
8570,Louisburg,NC,10241,36.084484,-78.318068
8571,Locust,NC,10242,35.254218,-80.454124
8572,Southport,NC,10235,33.943967,-78.029155
8573,Conway,SC,10235,33.859724,-79.089807
8574,Oxford,NC,10236,36.280542,-78.606232
8575,Washington,NC,10231,35.561649,-77.062097
8576,Ocala,FL,9532,29.115615,-82.025109
8577,Athens,GA,10634,33.931724,-83.310554
8578,Grovetown,GA,10634,33.478813,-82.196932
8579,Ocean Springs,MS,9435,30.409171,-88.75772
8580,Paducah,KY,9143,37.05079,-88.56656
8581,DeLand,FL,9532,29.059442,-81.30383
8582,Zachary,LA,9434,30.647775,-91.146332
8584,Danville,VA,10233,36.594955,-79.427375
8585,Conway,SC,10235,33.778366,-78.987116
8586,Loveland,CO,10433,40.454539,-105.078251
8587,Aurora,CO,10442,39.764203,-104.771609
8588,Albuquerque,NM,10435,35.037588,-106.71257
8589,Rock Hill,SC,10641,34.982608,-81.090187
8591,Raeford,NC,10234,35.008044,-79.172612
8593,Monroeville,AL,9242,31.482723,-87.329669
8594,Avon Park,FL,9539,27.606076,-81.514824
8595,Fort Myers,FL,9535,26.682588,-81.897736
8597,Orlando,FL,9536,28.47313,-81.290568
8598,Port Charlotte,FL,9535,27.011465,-82.140072
8599,Topeka,KS,10137,39.038546,-95.762426
8601,Albany,GA,9241,31.577694,-84.089487
8602,Americus,GA,9241,32.063778,-84.201342
8603,Pooler,GA,10633,32.092703,-81.274051
8605,Winchester,KY,9141,37.990055,-84.209801
8606,Tupelo,MS,9232,34.255517,-88.740556
8607,Carlsbad,NM,10736,32.395649,-104.222019
8608,Roswell,NM,10435,33.443306,-104.523785
8609,Santa Fe,NM,10431,35.620274,-106.027937
8611,Lexington,SC,10637,33.977517,-81.191341
8613,Las Cruces,NM,10738,32.361431,-106.748471
8614,Cedar Park,TX,10734,30.526416,-97.810332
8616,Knoxville,TN,9132,36.085968,-83.937627
8618,Nashville,TN,9131,36.243493,-86.757328
8619,Spring,TX,9336,30.06474,-95.439767
8621,Parker,CO,10432,39.480508,-104.757461
8622,Gadsden,AL,9239,34.009783,-85.989935
8623,Valdosta,GA,10635,30.882726,-83.285565
8625,Victoria,TX,9341,28.873192,-96.997204
8626,Fultondale,AL,9238,33.609414,-86.804206
8627,Pascagoula,MS,9435,30.379479,-88.525993
8628,Houston,TX,9336,29.811407,-95.428813
8629,Camden,SC,10232,34.248743,-80.64107
8630,Oxford,FL,9531,28.927129,-82.032474
8631,Wichita Falls,TX,9840,33.879328,-98.539326
8632,Surfside Beach,SC,10235,33.638886,-78.989455
8633,Orlando,FL,9536,28.551499,-81.502953
8644,Fuquay Varina,NC,10236,35.594253,-78.779204
8645,Pace,FL,9231,30.603705,-87.115656
8646,New Smyrna Beach,FL,9538,29.013886,-80.964655
8647,Missouri City,TX,9335,29.561613,-95.561555
8648,Bernalillo,NM,10431,35.316371,-106.575531
8649,Round Rock,TX,10734,30.518461,-97.651135
8651,Kingsport,TN,9137,36.511273,-82.518238
8652,Chiefland,FL,9532,29.499144,-82.870368
8653,Mt. Juliet,TN,9131,36.177694,-86.513207
8658,Mary Esther,FL,9231,30.413109,-86.654243
8659,Jacksonville,FL,9533,30.286705,-81.503577
8660,Birmingham,AL,9239,33.531251,-86.718199
8661,Pasadena,TX,9331,29.690469,-95.20662
8662,Alpharetta,GA,10632,34.152222,-84.251475
8663,Garden City,SC,10235,33.589259,-79.008569
8664,Tullahoma,TN,9138,35.390641,-86.237593
8665,Aiken,SC,10634,33.563121,-81.766341
8666,Pensacola,FL,9231,30.436337,-87.277506
8669,Tomball,TX,9336,30.089742,-95.642042
8670,Tallahassee,FL,9234,30.458964,-84.35646
8671,Round Rock,TX,10734,30.51332,-97.702061
8673,Sebring,FL,9539,27.51196,-81.494736
8674,Memphis,TN,10143,35.049199,-89.806703
8675,Mt. Sterling,KY,9141,38.067608,-83.954425
8676,South Point,OH,9937,38.411763,-82.531699
8677,Houston,TX,9334,29.916233,-95.486897
8678,West Memphis,AR,10143,35.167865,-90.198055
8679,San Antonio,TX,10740,29.352303,-98.452577
8680,Winter Haven,FL,9537,28.012479,-81.731412
8681,Lake City,SC,10243,33.889794,-79.75525
8682,Marion,NC,10642,35.650539,-82.031931
8683,Murfreesboro,TN,9138,35.86768,-86.387729
8684,Lexington,SC,10637,34.014164,-81.160703
8685,Amarillo,TX,10733,35.189628,-101.883463
8686,Orange Beach,AL,9242,30.268197,-87.594794
8687,Melbourne,FL,9538,28.138978,-80.582523
8688,Panama City Beach,FL,9233,30.179599,-85.801543
8689,Lubbock,TX,10735,33.591709,-101.932685
8690,Red Oak,TX,9833,32.532196,-96.815338
8691,Corpus Christi,TX,9341,27.672451,-97.299176
8692,Humble,TX,9336,30.005576,-95.285256
8694,Mulberry,FL,9539,27.935304,-81.973489
8695,Cornelia,GA,10639,34.534669,-83.535759
8696,Gonzales,LA,9436,30.210535,-90.921806
8697,Lakeside,CO,10436,39.777015,-105.057875
8698,York,SC,10641,34.985511,-81.210251
8699,Franklin,KY,9134,36.696699,-86.570786
8700,Spring Hill,TN,9138,35.771033,-86.91812
8701,Jacksonville,FL,9533,30.247892,-81.753845
8702,Santa Rosa Beach,FL,9233,30.375043,-86.287615
8703,Lincolnton,NC,10239,35.488722,-81.245317
8704,South Boston,VA,10233,36.733671,-78.912134
8705,Penitas,TX,9339,26.242513,-98.440483
8706,Anderson,SC,10643,34.489435,-82.674183
8707,Niceville,FL,9233,30.515802,-86.46278
8708,Lebanon,TN,9131,36.194034,-86.293029
8709,Las Vegas,NM,10431,35.619307,-105.225867
8710,Albuquerque,NM,10435,35.111473,-106.604647
8711,Florence,KY,9141,38.981899,-84.651341
8712,Winchester,VA,10240,39.081125,-78.147281
8713,Memphis,TN,10143,35.172669,-89.868258
8714,San Antonio,TX,10737,29.4864,-98.6705
8715,Shallotte,NC,10235,33.980527,-78.374078
8716,Ardmore,OK,10439,34.194123,-97.143755
8717,Myrtle Beach,SC,10235,33.758758,-78.858043
8718,Laredo,TX,9342,27.610652,-99.466607
8719,Morganton,NC,10642,35.728584,-81.701523
8720,Fort Myers,FL,9535,26.527371,-81.865417
8721,San Antonio,TX,10740,29.468175,-98.359034
8722,Lucas,TX,9835,33.089474,-96.61935
8723,Lafayette,CO,10433,39.974057,-105.089463
8724,Raleigh,NC,10236,35.718508,-78.655476
8725,Albuquerque,NM,10435,35.072608,-106.585692
8726,Biloxi,MS,9435,30.394513,-88.992327
8728,Gainesville,FL,9532,29.712447,-82.355476
8729,Crowley,TX,9834,32.57594,-97.333998
8730,Newport,AR,10138,35.619231,-91.252475
8731,Fredericksburg,VA,10240,38.28554,-77.436076
8732,Thornton,CO,10433,39.956695,-104.985035
8733,Ahoskie,NC,10231,36.267026,-76.967679
8734,Asheboro,NC,10242,35.696133,-79.789306
8735,Hobbs,NM,10732,32.741123,-103.159271
8736,Pensacola,FL,9231,30.476999,-87.307333
8737,Florence,SC,10232,34.188854,-79.8251
8738,Concord,NC,10239,35.366292,-80.667227
8739,New Roads,LA,9434,30.685853,-91.465856
8740,Durham,NC,10236,35.949621,-78.926155
8741,Locust Grove,VA,10240,38.369903,-77.767881
8742,Perry,GA,10636,32.47018,-83.743143
8743,Madison Heights,VA,10233,37.462582,-79.118487
8745,Sachse,TX,9842,32.993177,-96.572103
8746,Thomasville,GA,10635,30.862269,-83.945353
8747,Broomfield,CO,10433,40.000808,-104.990441
8748,Summerville,SC,10243,32.968226,-80.204229
8749,Powhatan,VA,10240,37.510526,-77.77281
8750,Haslet,TX,9840,32.967402,-97.415328
8751,Royse City,TX,9831,32.96597,-96.341246
8752,Schertz,TX,10741,29.565381,-98.2583
8753,Ponchatoula,LA,9439,30.444978,-90.455987
8754,Little Rock,AR,10136,34.800803,-92.436235
8755,San Antonio,TX,10740,29.338025,-98.552847
8756,Oakland,TN,10143,35.229443,-89.523443
8757,Edinburg,TX,9339,26.274042,-98.151181
8758,Covington,LA,9439,30.443369,-90.081701
8759,East Point,GA,10631,33.680796,-84.417087
8760,Greenwell Springs,LA,9439,30.514757,-91.025571
8761,Ellenwood,GA,10631,33.634351,-84.293499
8762,Brighton,CO,10432,39.972734,-104.822618
8763,Norton,VA,9137,36.95692,-82.605578
8764,Mobile,AL,9243,30.682549,-88.123871
8765,Little Rock,AR,10136,34.754239,-92.413672
8767,Houston,TX,9336,29.714202,-95.315253
8769,Centennial,CO,10432,39.593044,-104.860901
8770,Goddard,KS,10137,37.662548,-97.553591
8771,Longmont,CO,10433,40.202521,-105.10298
8773,Universal City,TX,10741,29.554171,-98.309531
8774,Omaha,NE,9938,41.317852,-96.065352
8775,Kearns,UT,10441,40.639965,-112.023855
8776,Baton Rouge,LA,9434,30.541448,-91.190837
8777,North Las Vegas,NV,10441,36.261968,-115.189505
8779,Lake Worth,TX,9840,32.814826,-97.439505
8780,Pleasant Grove,UT,10441,40.368652,-111.764787
8781,Lincoln,NE,9938,40.846703,-96.604937
8782,North Las Vegas,NV,10441,36.239967,-115.170417
8783,Las Vegas,NV,10441,36.238701,-115.22619
8784,Riverton,UT,10441,40.506858,-111.976158
8785,Decatur,GA,10639,33.723674,-84.169298
8786,Lafayette,LA,9437,30.232129,-92.063129
8787,North Las Vegas,NV,10441,36.269379,-115.11755
8788,Fort Worth,TX,9834,32.784645,-97.380377
8789,Monument,CO,10432,39.065634,-104.848568
8791,King George,VA,10240,38.351038,-77.053209
8792,Rincon,GA,10633,32.272812,-81.225704
8793,Corpus Christi,TX,9341,27.675488,-97.364845
8794,Olathe,KS,10137,38.887679,-94.835549
8795,Joliet,IL,9931,41.52109,-88.14418
8796,Elizabeth,CO,10432,39.359827,-104.620255
8797,North Little Rock,AR,10136,34.77968,-92.267819
8798,Lockport,IL,9931,41.595081,-88.027058
8799,Shawnee,KS,10137,39.026706,-94.851217
8800,Saratoga Springs,UT,10441,40.391091,-111.916227
8801,Canton,GA,9235,34.257532,-84.461623
8802,Gainesville,GA,10632,34.293583,-83.847809
8803,Fort Worth,TX,9834,32.662434,-97.417263
8804,Plano,TX,9835,33.004472,-96.767046
8805,El Paso,TX,10736,31.797506,-106.230245
8806,Stafford,TX,9335,29.644382,-95.577206
8807,West Jordan,UT,10441,40.614505,-111.982589
8808,Baton Rouge,LA,9436,30.391683,-91.163024
8809,Jasper,GA,10632,34.473475,-84.462231
8811,Omaha,NE,9938,41.219031,-96.118735
8813,Lafayette,CO,10433,40.007732,-105.10363
8814,Winston-Salem,NC,10238,36.068067,-80.325664
8815,Cypress,TX,9334,29.909656,-95.725482
8816,Lebanon,IN,9935,40.072641,-86.474953
8817,Bourbonnais,IL,9931,41.191466,-87.848921
8819,Fort Worth,TX,9834,32.713644,-97.281473
8821,Elizabethtown,KY,9940,37.728959,-85.883715
8823,Fayetteville,NC,10234,35.003539,-78.900049
8824,Pharr,TX,9339,26.185712,-98.20583
8825,Commerce City,CO,10442,39.85652,-104.912016
8826,Aurora,CO,10442,39.675251,-104.87085
8827,Firestone,CO,10433,40.16004,-104.968608
8829,Savannah,GA,10633,31.982049,-81.175621
8830,Bennettsville,SC,10232,34.639188,-79.702272
8831,Fort Worth,TX,9834,32.762221,-97.167739
8832,Houston,TX,9336,29.667962,-95.46217
8833,San Marcos,TX,10741,29.881003,-97.91221
8834,Plano,TX,9835,33.057198,-96.769934
8835,Dallas,TX,9842,32.864462,-96.665273
8836,Lawton,OK,10439,34.608509,-98.422831
8837,Cameron,NC,10234,35.245978,-79.023772
8838,Mobile,AL,9243,30.59201,-88.168555
8839,Beaufort,SC,10243,32.406858,-80.635479
8841,Miami Gardens,FL,9540,25.950251,-80.245217
8842,Little Rock,AR,10136,34.670453,-92.37611
8843,High Ridge,MO,10141,38.462004,-90.525399
8844,Greeley,CO,10433,40.421706,-104.765804
8845,Romeoville,IL,9931,41.60655,-88.12245
8846,Albuquerque,NM,10431,35.211825,-106.655206
8847,Westminster,CO,10436,39.826972,-105.025508
8848,Sugar Land,TX,9335,29.615516,-95.643856
8850,San Antonio,TX,10740,29.549764,-98.408452
8851,Hueytown,AL,9238,33.457382,-86.965108
8852,Mobile,AL,9243,30.676477,-88.169185
8853,Tampa,FL,9537,27.996577,-82.502109
8854,Lake Zurich,IL,9943,42.180134,-88.08027
8856,Albuquerque,NM,10435,35.094177,-106.550389
8857,Baton Rouge,LA,9436,30.451577,-91.10333
8858,Tuscaloosa,AL,9433,33.186773,-87.525516
8859,Colorado Springs,CO,10432,38.93742,-104.755057
8861,Baton Rouge,LA,9436,30.393051,-91.038735
8862,Santa Fe,NM,10431,35.65279,-105.99728
8864,Florence,AL,9232,34.831821,-87.620649
8867,Midwest City,OK,10434,35.450188,-97.421891
8868,Alcoa,TN,9135,35.770421,-83.988797
8870,Naperville,IL,9931,41.680245,-88.203945
8871,Fort Walton Beach,FL,9233,30.450133,-86.63903
8873,Hopkins,SC,10640,33.945146,-80.873752
8874,Denham Springs,LA,9439,30.471648,-90.956024
8875,Callaway,FL,9234,30.152567,-85.590614
8876,Ft Myers Beach,FL,9535,26.492322,-81.942861
8877,Ocala,FL,9531,29.093017,-82.244045
8878,Vero Beach,FL,9538,27.63817,-80.440033
8880,Alamogordo,NM,10738,32.888533,-105.959781
8881,Grapevine,TX,9836,32.893807,-97.100388
8886,Irmo,SC,10638,34.09549,-81.157913
8887,Arlington,TX,9836,32.708095,-97.116913
8891,El Paso,TX,10736,31.698946,-106.241722
7740,Bryan,TX,9332,30.6593,-96.331112
7751,Okeechobee,FL,9534,27.222991,-80.829471
7752,Myrtle Beach,SC,10235,33.785346,-78.769944
7753,Brunswick,GA,10633,31.214705,-81.484981
7754,Bossier City,LA,9438,32.548292,-93.708832
7755,Amory,MS,9232,33.967241,-88.457715
7756,Canton,TX,9831,32.545109,-95.857229
7757,El Paso,TX,10736,31.756849,-106.272562
7758,Hammond,LA,9439,30.503448,-90.493571
7759,Muscle Shoals,AL,9232,34.745368,-87.673543
7760,Dyersburg,TN,9139,36.063441,-89.395179
7761,Huntsville,AL,9237,34.616822,-86.568878
7763,Madison,AL,9237,34.681784,-86.740301
7774,Live Oak,FL,9532,30.323827,-82.966513
8863,Garland,TX,9842,32.96456,-96.64261
8883,Miami,FL,9541,25.605338,-80.351562
8884,Denver,CO,10442,39.799356,-104.883485
8889,Hurst,TX,9836,32.868019,-97.171714
8890,Prosper,TX,9837,33.219292,-96.769135
8892,Surfside Beach,SC,10235,33.635091,-78.956583
8894,Longview,TX,9841,32.542789,-94.739057
8909,Albuquerque,NM,10431,35.074989,-106.723015
8913,Lubbock,TX,10735,33.577457,-101.842773
8916,Irving,TX,9836,32.88036,-96.991051
8929,Dallas,TX,9836,32.836152,-96.830857
7764,Murray,KY,9143,36.626315,-88.315374
7768,Chipley,FL,9234,30.752954,-85.549735
7772,Jacksonville,TX,9832,31.951207,-95.264315
7777,Boutte,LA,9432,29.906127,-90.370474
7779,Dothan,AL,9241,31.17771,-85.402727
7781,Waynesboro,MS,9440,31.68805,-88.631724
7782,Republic,MO,10139,37.127677,-93.461103
8902,Columbia,SC,10641,34.149321,-80.911034
8914,Shelby,NC,10239,35.271702,-81.496597
8917,Dallas,TX,9838,32.862816,-96.892953
7769,Magee,MS,9440,31.868115,-89.745088
7770,Hartselle,AL,9237,34.454338,-86.947588
7771,Murphy,NC,9235,35.110062,-84.006274
7773,Cleburne,TX,9834,32.339135,-97.412747
7775,Cedar Rapids,IA,9945,41.948058,-91.716755
7776,Altoona,IA,9938,41.644749,-93.503732
7778,St. Joseph,MO,10137,39.737647,-94.801789
7780,Gulf Breeze,FL,9231,30.389475,-87.065259
8893,Weatherford,TX,9843,32.75849,-97.778802
8911,Rio Rancho,NM,10431,35.2411,-106.657494
7765,San Antonio,TX,10740,29.59019,-98.355976
7783,Bartlett,TN,10143,35.227189,-89.847107
7784,Mexia,TX,9834,31.6853,-96.454954
8906,Denver,CO,10442,39.825787,-104.772346
8915,Mesquite,TX,9838,32.793266,-96.612717
8933,Lubbock,TX,10735,33.562492,-101.942574
7767,Jackson,MS,9440,32.29015,-90.267417
8895,Lexington,SC,10637,33.987222,-81.245603
8897,Denver,CO,10442,39.784097,-104.773753
8926,Denton,TX,9837,33.213375,-97.091217
8910,Albuquerque,NM,10431,35.188575,-106.614545
8903,Lexington,SC,10637,33.974247,-81.156855
8922,Littleton,CO,10436,39.613201,-104.988037
8882,North Miami Beach,FL,9540,25.926957,-80.180764
7785,Tallahassee,FL,9234,30.427483,-84.216104
7789,Quincy,FL,9234,30.557872,-84.593587
7791,Dayton,TN,9135,35.45893,-85.046483
7795,Arab,AL,9237,34.342815,-86.502562
7797,Hartwell,GA,10643,34.351484,-82.905554
7800,Lexington,TN,9131,35.656324,-88.410609
7805,Sumter,SC,10243,33.957901,-80.389747
7803,Shelbyville,TN,9138,35.513167,-86.45485
2001,Dunellen,NJ,12139,40.59018,-74.4687
2002,Piscataway,NJ,12137,40.56896,-74.45855
2005,Belvidere,NJ,12131,40.83702,-75.02585
2007,Kingston,NY,12236,41.94182,-74.02702
2008,Parsippany,NJ,12235,40.85957,-74.42879
2009,Raritan,NJ,12244,40.56675,-74.63943
2012,Bedminster,NJ,12131,40.68091,-74.65223
2013,Kingston,NY,12236,41.9405,-74.02674
2016,Bayonne,NJ,12241,40.65983,-74.10995
2017,Hopatcong,NJ,12133,40.922,-74.66613
2021,Bloomingdale,NJ,12234,41.0079,-74.34172
2022,Trenton,NJ,12135,40.21184,-74.72454
2023,Clark,NJ,12144,40.62228,-74.30489
2024,Morris Plains,NJ,12235,40.82394,-74.49178
2026,Totowa,NJ,12233,40.91052,-74.20568
2028,Little Falls,NJ,12233,40.87878,-74.22439
2030,Union,NJ,12137,40.69823,-74.26977
2031,Wanaque,NJ,12234,41.06018,-74.2872
2034,Emerson,NJ,12240,40.98132,-74.02692
2035,Hillsborough,NJ,12244,40.52013,-74.62925
2038,Middletown,NY,12236,41.4428,-74.37682
2039,Passaic,NJ,12233,40.84593,-74.13036
2041,South Plainfield,NJ,12139,40.58615,-74.42173
2043,Sussex,NJ,12132,41.19343,-74.5888
2045,Union,NJ,12137,40.69071,-74.25268
2050,Madison,NJ,12137,40.75208,-74.40705
2051,Perth Amboy,NJ,12144,40.53086,-74.28001
2053,Saddle Brook,NJ,12240,40.91814,-74.11348
2055,Rahway,NJ,12144,40.5963,-74.2695
2057,Pompton Plains,NJ,12235,40.96863,-74.29646
2062,South Plainfield,NJ,12139,40.55542,-74.41428
2063,West Amwell,NJ,12135,40.39568,-74.84512
2064,Hackettstown,NJ,12133,40.85506,-74.83513
2065,Neptune,NJ,12242,40.20995,-74.08815
2067,Goshen,NY,12234,41.39384,-74.33134
2068,Newton,NJ,12132,41.06715,-74.74537
2069,Pohatcong,NJ,12131,40.67237,-75.15735
2070,Newton,NJ,12132,41.04724,-74.74728
2074,Whippany,NJ,12235,40.82035,-74.4157
2075,Hazlet,NJ,12142,40.43279,-74.1804
2076,Bound Brook,NJ,12244,40.56811,-74.54856
2077,Franklin,NJ,12132,41.11348,-74.58015
2078,Fanwood,NJ,12137,40.64628,-74.37562
2079,Matawan,NJ,12142,40.4294,-74.24959
2080,Harrison,NJ,12241,40.74377,-74.15788
2081,Middletown,NJ,12142,40.4115,-74.13599
2082,Woodbridge,NJ,12144,40.55466,-74.27892
2084,North Bergen,NJ,12240,40.80891,-74.00463
2085,Bridgewater,NJ,12244,40.57086,-74.58746
2087,Bogota,NJ,12240,40.87089,-74.03466
2090,Rahway,NJ,12144,40.60719,-74.2607
2091,Bloomfield,NJ,12233,40.80526,-74.19448
2092,Kearny,NJ,12241,40.75903,-74.15373
2093,Bayonne,NJ,12241,40.67528,-74.11048
2094,West New York,NJ,12240,40.78426,-74.02454
2096,Englishtown,NJ,12138,40.30253,-74.35742
2097,Sparta,NJ,12132,41.03447,-74.66632
2098,Middletown,NY,12236,41.42213,-74.42926
2099,Rockaway,NJ,12133,40.90053,-74.51549
2100,Jefferson,NJ,12132,40.96694,-74.59753
2101,Ramsey,NJ,12234,41.04412,-74.1149
2102,Manchester,NJ,12242,40.02391,-74.27177
2103,Monroe,NY,12234,41.31563,-74.16891
2105,Piscataway,NJ,12139,40.53744,-74.50059
2106,Manville,NJ,12244,40.54607,-74.58949
2107,Lawrenceville,NJ,12135,40.24638,-74.74524
2108,Independence,NJ,12133,40.87194,-74.82382
2109,Florida,NY,12234,41.33875,-74.35907
2110,Wayne,NJ,12235,40.98622,-74.27874
2111,North Bergen,NJ,12240,40.79772,-74.01232
2113,Pt. Pleasant,NJ,12242,40.08314,-74.07428
2115,New Windsor,NY,12236,41.47825,-74.04279
2117,Parlin,NJ,12144,40.4512,-74.31607
2118,Lafayette,NJ,12132,41.08938,-74.67961
2119,Sayreville,NJ,12144,40.47612,-74.32102
2120,Wall Township,NJ,12242,40.17638,-74.06456
2123,Highlands,NJ,12142,40.40541,-74.00323
2124,Bayonne,NJ,12241,40.6841,-74.09982
2125,Lake Katrine,NY,12236,41.98027,-73.98837
2126,Walkill,NY,12236,41.46693,-74.35475
2127,Dayton,NJ,12139,40.3574,-74.49408
2128,Clifton,NJ,12233,40.88561,-74.18002
2129,Somerville,NJ,12131,40.60628,-74.69982
2130,Middlesex,NJ,12244,40.57125,-74.51149
2131,Newburgh,NY,12236,41.54826,-74.00545
2134,Saugerties,NY,12236,42.04843,-73.95794
2135,Bayville,NJ,12242,39.89242,-74.16105
2136,Jackson,NJ,12138,40.11282,-74.35244
2137,Lodi,NJ,12240,40.87919,-74.07868
2138,Kingston,NY,12236,41.9437,-73.99806
2139,Washington,NJ,12131,40.75453,-74.99788
2140,Bordentown,NJ,12135,40.12683,-74.73833
2141,Village of Lake Grove,NY,12239,40.85827,-73.10713
2142,North Brunswick,NJ,12139,40.46806,-74.4802
2143,Carlstadt,NJ,12241,40.82863,-74.0553
2144,South Bound Brook,NJ,12244,40.55597,-74.52554
2145,Farmingdale,NJ,12138,40.22488,-74.17036
2146,Whippany,NJ,12235,40.82945,-74.43406
2147,Morganville,NJ,12142,40.38484,-74.24143
2148,Wayne,NJ,12233,40.94508,-74.20337
2150,Beachwood,NJ,12242,39.93732,-74.1856
2151,Howell,NJ,12138,40.14938,-74.22532
2152,Lakewood,NJ,12242,40.07609,-74.18353
2153,Eatontown,NJ,12142,40.27907,-74.04583
2154,Jackson,NJ,12138,40.12671,-74.25436
2155,Toms River,NJ,12242,39.95044,-74.12371
2156,Mt Arlington,NJ,12133,40.89918,-74.63443
2157,Fairfield,NJ,12233,40.88837,-74.27292
2158,Brentwood,NY,12239,40.807,-73.24665
2159,Butler,NJ,12234,40.9912,-74.34378
2160,Brick,NJ,12242,40.0616,-74.13774
2161,Jamesburg,NJ,12138,40.34746,-74.43932
2162,Butler,NJ,12234,40.99815,-74.35493
2163,North Brunswick,NJ,12139,40.45698,-74.47953
2164,Bethpage,NY,12239,40.72573,-73.48933
2165,Cedar Knolls,NJ,12235,40.80803,-74.46221
2166,Monroe,NJ,12138,40.26844,-74.47207
2167,Wayne,NJ,12235,40.93076,-74.26784
2168,Hackensack,NJ,12240,40.89976,-74.03566
2169,Copiague,NY,12239,40.68941,-73.40599
2170,Frankford,NJ,12132,41.12053,-74.71382
2171,Raritan,NJ,12244,40.57459,-74.62967
2172,North Plainfield,NJ,12137,40.62131,-74.44727
2173,Robbinsville,NJ,12135,40.19376,-74.59511
2174,Cranford,NJ,12137,40.65802,-74.28826
2175,Avenel,NJ,12144,40.58021,-74.28549
2176,Shrewsbury,NJ,12142,40.33134,-74.0731
2178,Manalapan,NJ,12138,40.20974,-74.3531
2179,Mahwah,NJ,12234,41.0901,-74.15468
2180,Eatontown,NJ,12142,40.29233,-74.05276
2181,Commack,NY,12239,40.84283,-73.30027
2182,Bohemia,NY,12239,40.78611,-73.12051
2183,Byram,NJ,12133,40.92496,-74.71763
7790,Broken Arrow,OK,10440,35.99109,-95.797879
7801,Griffin,GA,10636,33.273046,-84.293893
7804,Columbia,MS,9435,31.241882,-89.813326
7811,El Paso,TX,10738,31.751961,-106.342562
7798,Savannah,GA,10633,31.998301,-81.257301
7799,Hope Mills,NC,10234,34.9818,-78.964203
7802,Kilgore,TX,9841,32.39347,-94.8637
7806,Alvin,TX,9331,29.423731,-95.230133
8949,Midland,TX,10732,32.002243,-102.119705
8920,Mesquite,TX,9838,32.811131,-96.633698
8923,Aurora,CO,10442,39.637861,-104.737067
2149,NULL,NULL,NULL,NULL,NULL
7796,Gardendale,AL,9238,33.648452,-86.824544
7810,Port Arthur,TX,9333,29.94413,-93.99279
8924,Columbia,SC,10640,34.03101,-81.087303
8963,Albuquerque,NM,10435,35.13033,-106.53281
2056,Piscataway,NJ,12137,40.57992,-74.44071
7788,Houston,TX,9334,29.996495,-95.483806
7793,Del Rio,TX,10737,29.39658,-100.90418
8905,Lexington,SC,10637,33.994164,-81.225136
8954,El Paso,TX,10736,31.726652,-106.268364
7787,Galveston,TX,9331,29.26317,-94.833588
7792,Houston,TX,9334,29.87738,-95.650018
7794,Opelika,AL,9240,32.635639,-85.422333
8953,Eagle Pass,TX,10737,28.719506,-100.476027
2185,Somerset,NJ,12139,40.53752,-74.51205
2054,Roxbury,NJ,12133,40.88626,-74.69631
8956,Tyler,TX,9832,32.34636,-95.294613
8986,Arlington,TX,9843,32.660072,-97.133995
2177,Hamilton,NJ,12135,40.25249,-74.70267
8946,Brighton,CO,10442,39.987392,-104.753923
8941,Baton Rouge,LA,9436,30.432131,-91.080238
8945,Thornton,CO,10436,39.885536,-104.941017
7762,West Orange,TX,9333,30.093171,-93.765993
7808,Starkville,MS,9433,33.443149,-88.850672
7809,Abbeville,LA,9437,29.970716,-92.095148
8958,Arden,NC,10642,35.454071,-82.522926
2046,Hackettstown,NJ,12133,40.84653,-74.82454
8957,Panama City,FL,9233,30.19008,-85.6629
8973,Aurora,CO,10442,39.601933,-104.716805
7807,Rowlett,TX,9842,32.908403,-96.578314
7813,Huntsville,AL,9237,34.763393,-86.593399
7814,Roanoke,AL,9239,33.16415,-85.36621
7816,Trion,GA,9235,34.521134,-85.314202
2186,Whitehouse Station,NJ,12131,40.61,-74.71627
8898,Parker,CO,10432,39.543396,-104.771873
8912,West Columbia,SC,10637,33.979967,-81.112178
8965,Lewisville,TX,9837,33.043396,-96.97583
8967,Cocoa,FL,9538,28.38788,-80.754616
8982,West Columbia,SC,10640,34.005445,-81.119874
8869,Prosper,TX,9837,33.227043,-96.794975
8985,Lubbock,TX,10735,33.519226,-101.921867
8936,Denver,CO,10432,39.678265,-104.930794
8947,Lakewood,CO,10436,39.739727,-105.110626
8888,Frisco,TX,9837,33.15213,-96.767082
8937,Aurora,CO,10442,39.739799,-104.814453
8962,Dallas,TX,9838,32.910007,-96.701035
8988,Lufkin,TX,9832,31.334515,-94.719857
8970,Dallas,TX,9837,32.983749,-96.803833
8930,Garland,TX,9838,32.959351,-96.665154
8978,Hurst,TX,9836,32.854404,-97.186928
7812,Dalton,GA,9235,34.791464,-84.997236
7815,Milledgeville,GA,10634,33.116705,-83.262348
8935,Columbia,SC,10640,34.036163,-81.003204
8942,Opa-locka,FL,9540,25.898819,-80.244118
8943,Columbia,SC,10640,33.980183,-80.961479
7824,Magnolia,AR,10135,33.276439,-93.214141
7826,Alice,TX,9341,27.768389,-98.041195
7820,Foley,AL,9242,30.382959,-87.683792
7829,Monett,MO,10139,36.91345,-93.904049
7833,Plainview,TX,10735,34.1947,-101.750961
2190,Denville,NJ,12133,40.87278,-74.52117
2194,Hampton,NJ,12131,40.634,-74.97106
2189,Ridgefield,NJ,12241,40.84475,-74.01049
2197,Totowa,NJ,12233,40.896269,-74.23614
2192,East Hanover,NJ,12235,40.80662,-74.37569
2198,Belleville,NJ,12241,40.787579,-74.15017
2195,Nanuet,NY,12234,41.10203,-74.02572
8951,North Lauderdale,FL,9534,26.19486,-80.203262
8984,Colorado Springs,CO,10432,38.892311,-104.752663
8636,Harlingen,TX,9338,26.165989,-97.677673
8983,Odessa,TX,10732,31.919079,-102.291214
8998,El Paso,TX,10736,31.688221,-106.263214
7838,Levelland,TX,10735,33.594446,-102.36243
8638,Jasper,AL,9237,33.843936,-87.251549
7828,Pearl,MS,9440,32.284275,-90.045944
7830,Potosi,MO,10141,37.924802,-90.773918
7819,Talladega,AL,9239,33.439887,-86.081775
7821,Shreveport,LA,9438,32.387283,-93.817115
8537,Columbia,SC,10640,34.041857,-81.096495
7834,Nixa,MO,10139,37.06074,-93.302394
7836,Sparta,TN,9135,35.930095,-85.487089
7835,Pocahontas,AR,10138,36.250704,-90.963265
7837,Pine Bluff,AR,10135,34.172526,-92.005976
8997,Lubbock,TX,10735,33.562984,-101.887367
8939,Arlington,TX,9836,32.675976,-97.093002
7817,Semmes,AL,9243,30.763026,-88.227378
8855,Littleton,CO,10436,39.599773,-105.109421
7822,Sallisaw,OK,10440,35.448976,-94.802189
7831,Port Arthur,TX,9333,29.938688,-93.938356
7842,Jackson,TN,9139,35.55176,-88.80884
8990,Mesquite,TX,9838,32.768349,-96.623459
7825,Lumberton,TX,9333,30.25626,-94.21571
8928,Laredo,TX,9342,27.613129,-99.522079
7840,Corsicana,TX,9833,32.067596,-96.508089
7786,Hialeah Gardens,FL,9541,25.85742,-80.323391
7818,Birmingham,AL,9239,33.588172,-86.701365
7832,Seagoville,TX,9831,32.648249,-96.535744
7841,Tyler,TX,9831,32.352549,-95.344487
8637,Longview,TX,9841,32.499477,-94.751381
8961,Bedford,TX,9836,32.852345,-97.109108
8976,Homestead,FL,9541,25.47813,-80.443687
8993,El Paso,TX,10738,31.876856,-106.423431
7839,Hope,AR,10135,33.68231,-93.613091
7844,West Branch,MI,9932,44.253486,-84.226052
8925,Cross Roads,TX,9837,33.223537,-96.977112
8604,El Paso,TX,10738,31.883491,-106.576454
8600,Lubbock,TX,10735,33.519756,-101.870392
7823,Waveland,MS,9435,30.304519,-89.384388
8639,Mansfield,TX,9843,32.599415,-97.146477
8640,Odessa,TX,10732,31.868502,-102.380936
8959,Sunrise,FL,9534,26.16954,-80.28688
8992,Fort Worth,TX,9843,32.721569,-97.44178
8643,West Columbia,SC,10637,33.949966,-81.099648
8999,Medley,FL,9541,25.87875,-80.357506
7827,Hereford,TX,10733,34.838534,-102.405878
7853,Rockwood,TN,9135,35.881059,-84.660683
7850,Baxley,GA,10635,31.78451,-82.365128
8592,Columbia,SC,10640,33.976093,-81.025063
7861,Houma,LA,9432,29.582165,-90.693588
8620,Panama City,FL,9233,30.174982,-85.684219
7846,Belvidere,IL,9943,42.239145,-88.819153
7851,Glasgow,KY,9142,37.020798,-85.937782
7858,Wichita Falls,TX,9840,33.95211,-98.528122
8610,Fort Worth,TX,9843,32.647724,-97.396431
8624,Fort Worth,TX,9843,32.665352,-97.345909
7852,Monticello,AR,10135,33.636002,-91.801933
7854,Siloam Springs,AR,10131,36.181534,-94.51281
7848,Shelbyville,KY,9141,38.208515,-85.264102
7863,Athens,TX,9832,32.210308,-95.832314
8667,Fort Walton Beach,FL,9233,30.428583,-86.638878
8904,Arvada,CO,10436,39.862194,-105.164871
7859,Decatur,TX,9840,33.228691,-97.59436
7896,Plano,IL,9931,41.654369,-88.562019
7845,Lapeer,MI,9936,43.051636,-83.298401
7857,Ruston,LA,9438,32.541603,-92.623055
7871,Edinburg,TX,9339,26.304049,-98.180717
7884,Searcy,AR,10134,35.249409,-91.688026
8612,Odessa,TX,10732,31.875599,-102.347328
7870,Midland,TX,10732,32.0299,-102.148239
8655,Lubbock,TX,10735,33.548676,-101.874763
7849,St Marys,GA,10633,30.77577,-81.620323
7856,Russellville,AL,9232,34.493362,-87.727333
7864,Lubbock,TX,10735,33.52943,-101.904327
7873,Harlingen,TX,9338,26.181622,-97.716248
8657,Edgewater,FL,9538,28.99169,-80.908104
7895,Bellmead,TX,10739,31.60092,-97.107201
7875,Ennis,TX,9833,32.331173,-96.622429
7888,Albemarle,NC,10242,35.342316,-80.176033
7878,Monticello,KY,9142,36.856953,-84.846603
7882,Victoria,TX,9341,28.814936,-96.966568
8991,Dallas,TX,9838,32.72002,-96.682487
7879,Cabot,AR,10134,34.978939,-92.037399
7860,Ash Flat,AR,10138,36.239243,-91.595917
7883,Copperas Cove,TX,10731,31.12007,-97.871281
2196,Plainfield,NJ,12137,40.641844,-74.40334
7869,Lake Charles,LA,9437,30.194977,-93.179298
8635,Louisville,CO,10433,39.963257,-105.164383
8822,Mobile,AL,9243,30.637991,-88.139073
8656,Midland,TX,10732,32.020477,-102.081139
7877,New Iberia,LA,9437,29.98353,-91.816795
8980,Miami,FL,9540,25.91275,-80.211418
7904,Mineola,TX,9831,32.688095,-95.481415
7905,Amarillo,TX,10733,35.190498,-101.794968
7915,Jasper,TX,9332,30.905663,-94.015175
7916,Hillsboro,TX,9834,32.005337,-97.0951
7917,Bonham,TX,9835,33.597614,-96.192268
7926,Norman,OK,10439,35.221998,-97.484384
7927,Norman,OK,10439,35.225989,-97.423056
7872,Lafayette,LA,9437,30.179792,-92.004311
7928,Bryant,AR,10136,34.62211,-92.49424
7941,Mountain Grove,MO,10132,37.15023,-92.26213
7953,Ocala,FL,9531,29.05805,-82.27797
7885,Decatur,AL,9237,34.556511,-86.995872
7907,Starke,FL,9532,29.92162,-82.128327
7886,Eastman,GA,10635,32.179733,-83.180273
7887,Owensboro,KY,9134,37.755005,-87.061418
7925,Harrison,AR,10131,36.267165,-93.138277
7914,Paris,TX,9841,33.662281,-95.506897
7938,Jonesboro,AR,10138,35.821236,-90.685234
7900,Columbia,SC,10637,34.05494,-81.161095
8672,Anderson,SC,10643,34.553692,-82.681831
7868,Canton,OH,9933,40.836133,-81.327882
7903,Selma,AL,9240,32.432724,-87.014
7939,Fort Smith,AR,10133,35.329166,-94.409179
7855,Gastonia,NC,10239,35.261776,-81.22393
7874,Fayetteville,NC,10234,35.03014,-79.053055
7908,Roswell,NM,10435,33.39624,-104.536423
7913,Cleburne,TX,9843,32.377445,-97.393272
7923,Cordele,GA,10635,31.962452,-83.761703
7932,Florence,SC,10232,34.163925,-79.758949
7936,Socorro,TX,10736,31.67295,-106.284737
7940,Auburn,AL,9240,32.571215,-85.499308
8641,Aurora,CO,10442,39.76936,-104.791779
7867,Inverness,FL,9531,28.855706,-82.394112
7901,Spartanburg,SC,10638,34.935051,-82.002647
7911,North Myrtle Beach,SC,10235,33.837589,-78.669434
8583,Hialeah,FL,9541,25.829462,-80.288986
7929,Texarkana,AR,10135,33.460548,-94.038445
7959,Weslaco,TX,9338,26.166979,-98.007446
8772,Rocky Mount,NC,10241,35.969769,-77.81002
5365,Atlanta,TX,9841,33.11578,-94.182312
7893,Crestview,FL,9231,30.72345,-86.569748
7949,Brenham,TX,9332,30.14065,-96.395409
7954,Dixon,IL,9931,41.827974,-89.475036
7974,West Jefferson,NC,10642,36.395957,-81.480566
7967,Pueblo,CO,10432,38.238255,-104.662659
7975,Spartanburg,SC,10638,34.975383,-81.876801
7977,Poplar Bluff,MO,10138,36.755896,-90.408791
7996,Picayune,MS,9435,30.515657,-89.66077
7876,Ripley,TN,9139,35.76229,-89.54375
7950,Aransas Pass,TX,9341,27.92386,-97.17616
7957,Fayetteville,NC,10234,35.090435,-78.982719
7862,West Palm Beach,FL,9534,26.69245,-80.11087
5504,Henderson,TX,9832,32.132408,-94.803055
7931,El Paso,TX,10738,31.837817,-106.56075
7971,Jackson,MO,10141,37.363772,-89.633311
7976,Russellville,KY,9134,36.847163,-86.917818
7983,Colorado Springs,CO,10432,38.947878,-104.803486
7997,Millington,TN,10143,35.356354,-89.895759
7972,Okmulgee,OK,10440,35.605079,-95.962217
8810,El Paso,TX,10736,31.76829,-106.297569
2213,Phillipsburg,NJ,12131,40.697573,-75.17963
7843,Vernon,TX,10731,34.164471,-99.31516
7942,Harahan,LA,9432,29.951802,-90.179615
2199,Manalapan,NJ,12138,40.238965,-74.28496
2217,Neptune Township,NJ,12142,40.224418,-74.03414
7973,Stillwater,OK,10434,36.124947,-97.05024
5527,Brownsville,TX,9342,25.98292,-97.48465
7951,Thomson,GA,10634,33.482566,-82.501978
7890,Miami,FL,9541,25.840385,-80.314613
7921,Northglenn,CO,10436,39.9119,-104.977402
7943,Hixson,TN,9133,35.152988,-85.248305
7947,Panama City Beach,FL,9233,30.186708,-85.761368
7990,Bossier City,LA,9438,32.516872,-93.714752
7910,Aberdeen,NC,10234,35.154427,-79.41806
7919,Evans,CO,10433,40.377625,-104.734917
7937,West Monroe,LA,9431,32.509201,-92.156591
7995,Hickory,NC,10242,35.734158,-81.364754
7991,Houma,LA,9432,29.606153,-90.74556
8590,Miami,FL,9540,25.86784,-80.242989
7986,Texarkana,TX,10135,33.443451,-94.100182
7960,Greeley,CO,10433,40.386658,-104.715879
8818,Edinburg,TX,9339,26.337082,-98.155876
7880,Evans,CO,10433,40.377097,-104.694395
7961,Aurora,CO,10442,39.696962,-104.811341
7985,Allen,TX,9837,33.100485,-96.732978
6965,Murphy,TX,9835,33.011465,-96.6149
7865,Terrell,TX,9831,32.738949,-96.304222
7881,Jacksonville,NC,10231,34.77813,-77.390641
7965,Panama City Beach,FL,9233,30.192258,-85.800063
7969,Littleton,CO,10436,39.610096,-105.147014
7993,Fort Walton Beach,FL,9233,30.412688,-86.605084
8974,Miami,FL,9541,25.581253,-80.396202
6659,Webb City,MO,10139,37.133144,-94.475751
7847,Clanton,AL,9238,32.818512,-86.608994
6842,San Benito,TX,9342,26.146084,-97.635161
7140,Brownsville,TX,9342,25.919862,-97.465176
5698,Fitzgerald,GA,10635,31.691845,-83.247679
6504,Meridian,MS,9433,32.356228,-88.682306
6545,Batesville,MS,10142,34.309252,-89.914865
5690,Enterprise,AL,9241,31.315495,-85.828754
5722,Poteau,OK,10440,35.094329,-94.630488
6813,Morrilton,AR,10133,35.168916,-92.724561
7930,Sumiton,AL,9238,33.743839,-87.042154
6702,Fort Oglethorpe,GA,9235,34.939293,-85.216595
7906,Bay Minette,AL,9242,30.884668,-87.788918
7090,Corinth,MS,9232,34.912261,-88.502014
6543,Lucedale,MS,9435,30.797726,-88.598015
6658,Carthage,MO,10139,37.142677,-94.31119
7046,Richland,MS,9440,32.220557,-90.15343
6763,Kennett,MO,10138,36.237053,-90.037203
7002,Longview,TX,9841,32.532684,-94.788849
6629,Shreveport,LA,9438,32.441706,-93.782424
5525,Kannapolis,NC,10239,35.46704,-80.58843
2204,East Windsor,NJ,12135,40.25082,-74.56736
6514,Charlotte,NC,10239,35.116647,-80.958067
7994,Panama City,FL,9233,30.189971,-85.700961
7023,Moberly,MO,10141,39.446087,-92.420273
7377,Cleveland,TX,9332,30.332674,-95.094864
7141,Temple,TX,10739,31.06863,-97.37029
6536,Monroe,NC,10239,35.012394,-80.566229
7094,Rome,GA,9235,34.27147,-85.22625
6682,Simpsonville,SC,10643,34.712861,-82.249693
6571,Alamo,TX,9338,26.202784,-98.120514
7963,Fayetteville,NC,10234,35.103293,-78.959488
6596,Brownsville,TX,9342,25.939849,-97.536512
7428,Clinton,MS,9440,32.327462,-90.303404
7510,Hickory,NC,10242,35.72074,-81.35083
7988,Mobile,AL,9243,30.68526,-88.20715
7375,Hickory,NC,10242,35.76291,-81.333
7351,Greensboro,NC,10238,36.039128,-79.799944
6510,Spartanburg,SC,10638,34.92091,-81.99297
7922,Wylie,TX,9838,33.00244,-95.55337
8744,Miami,FL,9540,25.823482,-80.248696
8950,Columbia,SC,10641,34.078046,-80.943503
7356,Bryan,TX,9332,30.689351,-96.370128
7374,Spartanburg,SC,10638,34.9674,-81.932499
7615,Adel,GA,10635,31.136922,-83.441361
6576,Alamogordo,NM,10738,32.92635,-105.9612
8768,Raleigh,NC,10236,35.66527,-78.700172
7570,Midland,TX,10732,31.979855,-102.111155
8615,Tifton,GA,10635,31.450783,-83.427399
7984,Madison,AL,9237,34.747135,-86.775106
8977,Englewood,CO,10432,39.594529,-104.848658
8972,Aurora,CO,10442,39.677355,-104.865083
8975,Thornton,CO,10433,39.914377,-104.940955
8979,Aurora,CO,10436,39.740511,-104.810532
7624,South Hill,VA,10233,36.708884,-78.106878
7096,Bossier City,LA,9438,32.520818,-93.696728
1200,Fordyce,AR,10135,33.82055,-92.437625
